r,time,sound,Time (s),heat flux
1,0,-1.098427,0,-1.711566142
2,0.000488,3.893738,0.0005,-1.711566142
3,0.000977,5.682815,0.001,-1.711566142
4,0.001465,3.886236,0.0015,-1.711566142
5,0.001953,-0.764616,0.002,-1.711566142
6,0.002441,-2.189877,0.0025,-1.711566142
7,0.00293,2.445973,0.003,-1.711566142
8,0.003418,-1.676032,0.0035,-1.711566142
9,0.003906,-4.451541,0.004,-1.711566142
10,0.004395,-2.516186,0.0045,-1.711566142
11,0.004883,-2.921261,0.005,-1.711566142
12,0.005371,-1.612271,0.0055,-1.711566142
13,0.005859,-3.1388,0.006,-1.711566142
14,0.006348,-3.615138,0.0065,-1.711566142
15,0.006836,-0.637092,0.007,-1.711566142
16,0.007324,2.194676,0.0075,-1.711566142
17,0.007812,2.280942,0.008,-1.711566142
18,0.008301,0.476862,0.0085,-1.711566142
19,0.008789,-1.758548,0.009,-1.711566142
20,0.009277,-2.291145,0.0095,-1.711566142
21,0.009766,0.570629,0.01,-1.711566142
22,0.010254,-0.010727,0.0105,-1.711566142
23,0.010742,1.594567,0.011,-1.711566142
24,0.01123,6.327934,0.0115,-1.711566142
25,0.011719,7.895721,0.012,-1.711566142
26,0.012207,6.20041,0.0125,-1.711566142
27,0.012695,4.782651,0.013,-1.711566142
28,0.013184,6.09164,0.0135,-1.711566142
29,0.013672,8.169521,0.014,-1.711566142
30,0.01416,9.973601,0.0145,-1.711566142
31,0.014648,9.047182,0.015,-1.711566142
32,0.015137,7.111827,0.0155,-1.711566142
33,0.015625,4.700135,0.016,-1.711566142
34,0.016113,3.214863,0.0165,-1.711566142
35,0.016602,4.055017,0.017,-1.711566142
36,0.01709,8.664612,0.0175,-1.711566142
37,0.017578,11.211328,0.018,-1.711566142
38,0.018066,11.623904,0.0185,-1.711566142
39,0.018555,12.872882,0.019,-1.711566142
40,0.019043,7.681932,0.0195,-1.711566142
41,0.019531,7.749444,0.02,-1.711566142
42,0.02002,11.353854,0.0205,-1.711566142
43,0.020508,10.318665,0.021,-1.711566142
44,0.020996,9.662294,0.0215,-1.711566142
45,0.021484,4.628872,0.022,-1.711566142
46,0.021973,5.465276,0.0225,-1.711566142
47,0.022461,11.046298,0.023,-1.711566142
48,0.022949,9.673546,0.0235,-1.711566142
49,0.023437,8.563343,0.024,-1.711566142
50,0.023926,5.521536,0.0245,-1.711566142
51,0.024414,5.405265,0.025,-1.711566142
52,0.024902,9.230965,0.0255,-1.711566142
53,0.025391,7.738192,0.026,-1.711566142
54,0.025879,6.279175,0.0265,-1.711566142
55,0.026367,4.595116,0.027,-1.711566142
56,0.026855,3.559927,0.0275,-1.711566142
57,0.027344,4.062519,0.028,-1.711566142
58,0.027832,1.467043,0.0285,-1.711566142
59,0.02832,3.297378,0.029,-1.711566142
60,0.028809,6.991805,0.0295,-1.711566142
61,0.029297,3.076088,0.03,-1.711566142
62,0.029785,0.923194,0.0305,-1.711566142
63,0.030273,-1.593517,0.031,-1.711566142
64,0.030762,-3.202562,0.0315,-1.711566142
65,0.03125,1.519553,0.032,-1.711566142
66,0.031738,2.26969,0.0325,-1.711566142
67,0.032227,3.177356,0.033,-1.711566142
68,0.032715,5.247736,0.0335,-1.711566142
69,0.033203,3.702453,0.034,-1.711566142
70,0.033691,-0.445807,0.0345,-1.711566142
71,0.03418,1.437038,0.035,-1.711566142
72,0.034668,5.135215,0.0355,-1.711566142
73,0.035156,2.941063,0.036,-1.711566142
74,0.035645,5.986621,0.0365,-1.711566142
75,0.036133,7.198093,0.037,-1.711566142
76,0.036621,5.0527,0.0375,-1.711566142
77,0.037109,3.679949,0.038,-1.711566142
78,0.037598,3.132348,0.0385,-1.711566142
79,0.038086,4.433837,0.039,-1.711566142
80,0.038574,2.918559,0.0395,-1.711566142
81,0.039062,4.692634,0.04,-1.711566142
82,0.039551,5.469026,0.0405,-1.711566142
83,0.040039,3.529921,0.041,-1.711566142
84,0.040527,5.060201,0.0415,-1.711566142
85,0.041016,5.146467,0.042,-1.711566142
86,0.041504,3.462409,0.0425,-1.711566142
87,0.041992,4.797653,0.043,-1.711566142
88,0.04248,4.797653,0.0435,-1.711566142
89,0.042969,3.90874,0.044,-1.711566142
90,0.043457,7.659427,0.0445,-1.711566142
91,0.043945,7.438137,0.045,-1.711566142
92,0.044434,4.377576,0.0455,-1.711566142
93,0.044922,2.656011,0.046,-1.711566142
94,0.04541,1.500799,0.0465,-1.711566142
95,0.045898,1.058218,0.047,-1.711566142
96,0.046387,-0.854632,0.0475,-1.711566142
97,0.046875,1.118229,0.048,-1.711566142
98,0.047363,3.331135,0.0485,-1.711566142
99,0.047852,0.210563,0.049,-1.711566142
100,0.04834,0.416851,0.0495,-1.711566142
101,0.048828,3.874984,0.05,-1.711566142
102,0.049316,3.556176,0.0505,-1.711566142
103,0.049805,2.798537,0.051,-1.711566142
104,0.050293,0.73941,0.0515,-1.711566142
105,0.050781,1.444539,0.052,-1.711566142
106,0.05127,3.638691,0.0525,-1.711566142
107,0.051758,2.393463,0.053,-1.711566142
108,0.052246,0.203062,0.0535,-1.711566142
109,0.052734,-5.53924,0.054,-1.711566142
110,0.053223,-0.006977,0.0545,-1.711566142
111,0.053711,9.249719,0.055,-1.711566142
112,0.054199,8.300795,0.0555,-1.711566142
113,0.054687,10.806254,0.056,-1.711566142
114,0.055176,12.092739,0.0565,-1.711566142
115,0.055664,9.606034,0.057,-1.711566142
116,0.056152,7.989488,0.0575,-1.711566142
117,0.056641,4.253804,0.058,-1.711566142
118,0.057129,5.060201,0.0585,-1.711566142
119,0.057617,9.369741,0.059,-1.711566142
120,0.058105,9.324732,0.0595,-1.711566142
121,0.058594,13.229198,0.06,-1.711566142
122,0.059082,13.409231,0.0605,-1.711566142
123,0.05957,9.152201,0.061,-1.711566142
124,0.060059,14.523185,0.0615,-1.711566142
125,0.060547,13.581762,0.062,-1.711566142
126,0.061035,9.508516,0.0625,-1.711566142
127,0.061523,12.91414,0.063,-1.711566142
128,0.062012,11.905205,0.0635,-1.711566142
129,0.0625,7.18309,0.064,-1.711566142
130,0.062988,3.938746,0.0645,-1.711566142
131,0.063477,2.202178,0.065,-1.711566142
132,0.063965,2.055901,0.0655,-1.711566142
133,0.064453,3.574929,0.066,-1.711566142
134,0.064941,3.346137,0.0665,-1.711566142
135,0.06543,2.194676,0.067,-1.711566142
136,0.065918,0.409349,0.0675,-1.711566142
137,0.066406,-0.318284,0.068,-1.711566142
138,0.066895,3.436154,0.0685,-1.711566142
139,0.067383,2.956066,0.069,-1.711566142
140,0.067871,0.019278,0.0695,-1.711566142
141,0.068359,0.454358,0.07,-1.711566142
142,0.068848,-0.858383,0.0705,-1.711566142
143,0.069336,-1.803556,0.071,-1.711566142
144,0.069824,2.397214,0.0715,-1.711566142
145,0.070312,2.187175,0.072,-1.711566142
146,0.070801,-0.794621,0.0725,-1.711566142
147,0.071289,2.768532,0.073,-1.711566142
148,0.071777,1.459542,0.0735,-1.711566142
149,0.072266,-0.055736,0.074,-1.711566142
150,0.072754,1.999641,0.0745,-1.711566142
151,0.073242,2.329701,0.075,-1.711566142
152,0.07373,1.257005,0.0755,-1.711566142
153,0.074219,-1.16969,0.076,-1.711566142
154,0.074707,2.460975,0.0765,-1.711566142
155,0.075195,3.24862,0.077,-1.711566142
156,0.075684,3.282376,0.0775,-1.711566142
157,0.076172,4.418834,0.078,-1.711566142
158,0.07666,6.451706,0.0785,-1.711566142
159,0.077148,11.916457,0.079,-1.711566142
160,0.077637,8.143266,0.0795,-1.711566142
161,0.078125,6.380443,0.08,-1.711566142
162,0.078613,5.517785,0.0805,-1.711566142
163,0.079102,4.760146,0.081,-1.711566142
164,0.07959,7.475644,0.0815,-1.711566142
165,0.080078,2.547241,0.082,-1.711566142
166,0.080566,4.471344,0.0825,-1.711566142
167,0.081055,11.042547,0.083,-1.711566142
168,0.081543,11.755178,0.0835,-1.711566142
169,0.082031,11.642657,0.084,-1.711566142
170,0.08252,9.564776,0.0845,-1.711566142
171,0.083008,5.551541,0.085,-1.711566142
172,0.083496,2.145918,0.0855,-1.711566142
173,0.083984,2.138416,0.086,-1.711566142
174,0.084473,3.226115,0.0865,-1.711566142
175,0.084961,4.118779,0.087,-1.711566142
176,0.085449,3.541173,0.0875,-1.711566142
177,0.085937,0.735659,0.088,-1.711566142
178,0.086426,-0.592084,0.0885,-1.711566142
179,0.086914,1.635824,0.089,-1.711566142
180,0.087402,5.150218,0.0895,-1.711566142
181,0.087891,5.469026,0.09,-1.711566142
182,0.088379,2.599751,0.0905,-1.711566142
183,0.088867,-0.258273,0.091,-1.711566142
184,0.089355,3.548675,0.0915,-1.711566142
185,0.089844,9.335985,0.092,-1.711566142
186,0.090332,7.734441,0.0925,-1.711566142
187,0.09082,4.636374,0.093,-1.711566142
188,0.091309,1.155736,0.0935,-1.711566142
189,0.091797,-1.777301,0.094,-1.711566142
190,0.092285,1.140733,0.0945,-1.711566142
191,0.092773,2.877302,0.095,-1.711566142
192,0.093262,-1.000909,0.0955,-1.711566142
193,0.09375,-1.038416,0.096,-1.711566142
194,0.094238,4.182541,0.0965,-1.711566142
195,0.094727,3.211113,0.097,-1.711566142
196,0.095215,0.439355,0.0975,-1.711566142
197,0.095703,2.078405,0.098,-1.711566142
198,0.096191,2.899806,0.0985,-1.711566142
199,0.09668,3.042332,0.099,-1.711566142
200,0.097168,0.559377,0.0995,-1.711566142
201,0.097656,-1.559761,0.1,-1.711566142
202,0.098145,0.293078,0.1005,-1.711566142
203,0.098633,0.293078,0.101,-1.711566142
204,0.099121,-0.963402,0.1015,-1.711566142
205,0.099609,-0.070738,0.102,-1.711566142
206,0.100098,1.103227,0.1025,-1.711566142
207,0.100586,1.88712,0.103,-1.711566142
208,0.101074,1.392029,0.1035,-1.711566142
209,0.101562,0.206812,0.104,-1.711566142
210,0.102051,0.210563,0.1045,-1.711566142
211,0.102539,0.814424,0.105,-1.711566142
212,0.103027,0.180558,0.1055,-1.711566142
213,0.103516,-6.03058,0.106,-1.711566142
214,0.104004,-5.86555,0.1065,-1.711566142
215,0.104492,2.149668,0.107,-1.711566142
216,0.10498,2.776033,0.1075,-1.711566142
217,0.105469,2.288444,0.108,-1.711566142
218,0.105957,-2.684967,0.1085,-1.711566142
219,0.106445,-7.279559,0.109,-1.711566142
220,0.106934,-0.993407,0.1095,-1.711566142
221,0.107422,-0.640843,0.11,-1.711566142
222,0.10791,-2.204879,0.1105,-1.711566142
223,0.108398,-1.083424,0.111,-1.711566142
224,0.108887,-2.632458,0.1115,-1.711566142
225,0.109375,-0.817125,0.112,-1.711566142
226,0.109863,0.559377,0.1125,-1.711566142
227,0.110352,0.84818,0.113,-1.711566142
228,0.11084,0.461859,0.1135,-1.711566142
229,0.111328,-2.613704,0.114,-1.711566142
230,0.111816,-3.720157,0.1145,-1.711566142
231,0.112305,-1.7698,0.115,-1.711566142
232,0.112793,-4.106478,0.1155,-1.711566142
233,0.113281,-3.832678,0.116,-1.711566142
234,0.11377,-0.051985,0.1165,-1.711566142
235,0.114258,-4.485297,0.117,-1.711566142
236,0.114746,-1.691035,0.1175,-1.711566142
237,0.115234,5.307747,0.118,-1.711566142
238,0.115723,4.966434,0.1185,-1.711566142
239,0.116211,1.950882,0.119,-1.711566142
240,0.116699,-0.329536,0.1195,-1.711566142
241,0.117187,0.184308,0.12,-1.711566142
242,0.117676,-2.921261,0.1205,-1.711566142
243,0.118164,-3.810173,0.121,-1.711566142
244,0.118652,-1.631024,0.1215,-1.711566142
245,0.119141,1.196994,0.122,-1.711566142
246,0.119629,3.946247,0.1225,-1.711566142
247,0.120117,3.664946,0.123,-1.711566142
248,0.120605,0.098042,0.1235,-1.711566142
249,0.121094,-5.066654,0.124,-1.711566142
250,0.121582,-1.597268,0.1245,-1.711566142
251,0.12207,2.629756,0.125,-1.711566142
252,0.122559,4.928927,0.1255,-1.711566142
253,0.123047,4.681382,0.126,-1.711566142
254,0.123535,0.345588,0.1265,-1.711566142
255,0.124023,4.40008,0.127,-1.711566142
256,0.124512,4.133782,0.1275,-1.711566142
257,0.125,0.529371,0.128,-1.711566142
258,0.125488,3.931245,0.1285,-1.711566142
259,0.125977,2.374709,0.129,-1.711566142
260,0.126465,0.874435,0.1295,-1.711566142
261,0.126953,2.314698,0.13,-1.711566142
262,0.127441,3.848729,0.1305,-1.711566142
263,0.12793,7.078071,0.131,-1.711566142
264,0.128418,5.521536,0.1315,-1.711566142
265,0.128906,0.829426,0.132,-1.711566142
266,0.129395,-2.407416,0.1325,-1.711566142
267,0.129883,-2.328652,0.133,-1.711566142
268,0.130371,-3.806423,0.1335,-1.711566142
269,0.130859,-4.916626,0.134,-1.711566142
270,0.131348,0.533122,0.1345,-1.711566142
271,0.131836,0.79192,0.135,-1.711566142
272,0.132324,-2.377411,0.1355,-1.711566142
273,0.132812,-0.970903,0.136,-1.711566142
274,0.133301,1.733342,0.1365,-1.711566142
275,0.133789,-0.907142,0.137,-1.711566142
276,0.134277,-3.828927,0.1375,-1.711566142
277,0.134766,1.549558,0.138,-1.711566142
278,0.135254,2.37846,0.1385,-1.711566142
279,0.135742,-0.599585,0.139,-1.711566142
280,0.13623,-0.56958,0.1395,-1.711566142
281,0.136719,-2.148619,0.14,-1.711566142
282,0.137207,-4.346522,0.1405,-1.711566142
283,0.137695,-4.66533,0.141,-1.711566142
284,0.138184,-4.380278,0.1415,-1.711566142
285,0.138672,-2.947515,0.142,-1.711566142
286,0.13916,-0.123248,0.1425,-1.711566142
287,0.139648,-1.435989,0.143,-1.711566142
288,0.140137,-0.464561,0.1435,-1.711566142
289,0.140625,3.593683,0.144,-1.711566142
290,0.141113,3.957499,0.1445,-1.711566142
291,0.141602,2.43097,0.145,-1.711566142
292,0.14209,0.810673,0.1455,-1.711566142
293,0.142578,0.671898,0.146,-1.711566142
294,0.143066,-1.484747,0.1465,-1.711566142
295,0.143555,-3.015028,0.147,-1.711566142
296,0.144043,0.495615,0.1475,-1.711566142
297,0.144531,5.630306,0.148,-1.711566142
298,0.14502,6.462958,0.1485,-1.711566142
299,0.145508,2.64851,0.149,-1.711566142
300,0.145996,1.39578,0.1495,-1.711566142
301,0.146484,0.431854,0.15,-1.711566142
302,0.146973,0.810673,0.1505,-1.711566142
303,0.147461,5.015193,0.151,-1.711566142
304,0.147949,7.156835,0.1515,-1.711566142
305,0.148437,5.322749,0.152,-1.711566142
306,0.148926,4.666379,0.1525,-1.711566142
307,0.149414,4.01376,0.153,-1.711566142
308,0.149902,-1.203446,0.1535,-1.711566142
309,0.150391,0.019278,0.154,-1.711566142
310,0.150879,0.57813,0.1545,-1.711566142
311,0.151367,0.585632,0.155,-1.711566142
312,0.151855,7.689433,0.1555,-1.711566142
313,0.152344,5.172722,0.156,-1.711566142
314,0.152832,1.440788,0.1565,-1.711566142
315,0.15332,1.890871,0.157,-1.711566142
316,0.153809,-1.867318,0.1575,-1.711566142
317,0.154297,-1.923578,0.158,-1.711566142
318,0.154785,-0.292029,0.1585,-1.711566142
319,0.155273,-0.483314,0.159,-1.711566142
320,0.155762,2.847296,0.1595,-1.711566142
321,0.15625,3.398647,0.16,-1.711566142
322,0.156738,-0.948399,0.1605,-1.711566142
323,0.157227,-4.616571,0.161,-1.711566142
324,0.157715,-6.484413,0.1615,-1.711566142
325,0.158203,-5.355456,0.162,-1.711566142
326,0.158691,-4.635325,0.1625,-1.711566142
327,0.15918,-4.654078,0.163,-1.711566142
328,0.159668,-2.48243,0.1635,-1.711566142
329,0.160156,0.844429,0.164,-1.711566142
330,0.160645,2.029646,0.1645,-1.711566142
331,0.161133,1.7746,0.165,-1.711566142
332,0.161621,3.608685,0.1655,-1.711566142
333,0.162109,2.082156,0.166,-1.711566142
334,0.162598,-1.589767,0.1665,-1.711566142
335,0.163086,0.124297,0.167,-1.711566142
336,0.163574,0.068037,0.1675,-1.711566142
337,0.164062,-0.869635,0.168,-1.711566142
338,0.164551,1.245753,0.1685,-1.711566142
339,0.165039,1.129481,0.169,-1.711566142
340,0.165527,0.180558,0.1695,-1.711566142
341,0.166016,-0.325785,0.17,-1.711566142
342,0.166504,-0.62584,0.1705,-1.711566142
343,0.166992,-1.188443,0.171,-1.711566142
344,0.16748,-0.539574,0.1715,-1.711566142
345,0.167969,-0.40455,0.172,-1.711566142
346,0.168457,-0.775868,0.1725,-1.711566142
347,0.168945,-1.263457,0.173,-1.711566142
348,0.169434,-3.922694,0.1735,-1.711566142
349,0.169922,-4.267757,0.174,-1.711566142
350,0.17041,-2.276142,0.1745,-1.711566142
351,0.170898,-1.22595,0.175,-1.711566142
352,0.171387,-1.465994,0.1755,-1.711566142
353,0.171875,-2.868751,0.176,-1.711566142
354,0.172363,-5.021645,0.1765,-1.711566142
355,0.172852,-4.181491,0.177,-1.711566142
356,0.17334,-6.934496,0.1775,-1.711566142
357,0.173828,-8.532288,0.178,-1.711566142
358,0.174316,-2.609954,0.1785,-1.711566142
359,0.174805,-2.812491,0.179,-1.711566142
360,0.175293,-3.468861,0.1795,-1.711566142
361,0.175781,-2.628707,0.18,-1.711566142
362,0.17627,-4.672831,0.1805,-1.711566142
363,0.176758,-6.364391,0.181,-1.711566142
364,0.177246,-5.914309,0.1815,-1.711566142
365,0.177734,-2.718723,0.182,-1.711566142
366,0.178223,-1.589767,0.1825,-1.711566142
367,0.178711,-1.372227,0.183,-1.711566142
368,0.179199,-2.437422,0.1835,-1.711566142
369,0.179687,-3.84393,0.184,-1.711566142
370,0.180176,-4.66533,0.1845,-1.711566142
371,0.180664,-4.920377,0.185,-1.711566142
372,0.181152,-0.84338,0.1855,-1.711566142
373,0.181641,0.266823,0.186,-1.711566142
374,0.182129,0.645643,0.1865,-1.711566142
375,0.182617,2.866049,0.187,-1.711566142
376,0.183105,-0.438306,0.1875,-1.711566142
377,0.183594,1.392029,0.188,-1.711566142
378,0.184082,3.477411,0.1885,-1.711566142
379,0.18457,-0.599585,0.189,-1.711566142
380,0.185059,0.341837,0.1895,-1.711566142
381,0.185547,3.147351,0.19,-1.711566142
382,0.186035,4.823908,0.1905,-1.711566142
383,0.186523,5.570295,0.191,-1.711566142
384,0.187012,5.570295,0.1915,-1.711566142
385,0.1875,3.642442,0.192,-1.711566142
386,0.187988,3.511168,0.1925,-1.711566142
387,0.188477,4.351322,0.193,-1.711566142
388,0.188965,1.45204,0.1935,-1.711566142
389,0.189453,1.028213,0.194,-1.711566142
390,0.189941,-2.193627,0.1945,-1.711566142
391,0.19043,-3.633891,0.195,-1.711566142
392,0.190918,3.754962,0.1955,-1.711566142
393,0.191406,6.155402,0.196,-1.711566142
394,0.191895,3.942497,0.1965,-1.711566142
395,0.192383,5.030196,0.197,-1.711566142
396,0.192871,5.120212,0.1975,-1.711566142
397,0.193359,3.278625,0.198,-1.711566142
398,0.193848,0.514369,0.1985,-1.711566142
399,0.194336,-1.743545,0.199,-1.711566142
400,0.194824,-0.310782,0.1995,-1.711566142
401,0.195312,0.713155,0.2,-1.711566142
402,0.195801,1.770849,0.2005,-1.711566142
403,0.196289,2.667263,0.201,-1.711566142
404,0.196777,3.136099,0.2015,-1.711566142
405,0.197266,1.170739,0.202,-1.711566142
406,0.197754,-3.060036,0.2025,-1.711566142
407,0.198242,-1.574764,0.203,-1.711566142
408,0.19873,-3.937697,0.2035,-1.711566142
409,0.199219,-2.696219,0.204,-1.711566142
410,0.199707,4.283809,0.2045,-1.711566142
411,0.200195,0.544374,0.205,-1.711566142
412,0.200684,-0.449558,0.2055,-1.711566142
413,0.201172,-0.111996,0.206,-1.711566142
414,0.20166,-2.549943,0.2065,-1.711566142
415,0.202148,-1.548509,0.207,-1.711566142
416,0.202637,-1.465994,0.2075,-1.711566142
417,0.203125,1.590816,0.208,-1.711566142
418,0.203613,0.383095,0.2085,-1.711566142
419,0.204102,-2.947515,0.209,-1.711566142
420,0.20459,0.266823,0.2095,-1.711566142
421,0.205078,0.221815,0.21,-1.711566142
422,0.205566,-1.691035,0.2105,-1.711566142
423,0.206055,-1.49975,0.211,-1.711566142
424,0.206543,-2.561195,0.2115,-1.711566142
425,0.207031,-3.270074,0.212,-1.711566142
426,0.20752,-2.692469,0.2125,-1.711566142
427,0.208008,-5.194177,0.213,-1.711566142
428,0.208496,-5.580498,0.2135,-1.711566142
429,0.208984,-3.35259,0.214,-1.711566142
430,0.209473,-3.982705,0.2145,-1.711566142
431,0.209961,-0.014478,0.215,-1.711566142
432,0.210449,0.548125,0.2155,-1.711566142
433,0.210937,-2.801239,0.216,-1.711566142
434,0.211426,-0.985906,0.2165,-1.711566142
435,0.211914,-2.171123,0.217,-1.711566142
436,0.212402,-3.51762,0.2175,-1.711566142
437,0.212891,-1.747296,0.218,-1.711566142
438,0.213379,-0.374544,0.2185,-1.711566142
439,0.213867,0.885687,0.219,-1.711566142
440,0.214355,1.920876,0.2195,-1.711566142
441,0.214844,0.701903,0.22,-1.711566142
442,0.215332,-1.360975,0.2205,-1.711566142
443,0.21582,-1.402232,0.221,-1.711566142
444,0.216309,-2.096109,0.2215,-1.711566142
445,0.216797,-3.528872,0.222,-1.711566142
446,0.217285,-4.781601,0.2225,-1.711566142
447,0.217773,-4.706588,0.223,-1.711566142
448,0.218262,-7.429586,0.2235,-1.711566142
449,0.21875,-8.018444,0.224,-1.711566142
450,0.219238,-0.809624,0.2245,-1.711566142
451,0.219727,0.439355,0.225,-1.711566142
452,0.220215,-1.811057,0.2255,-1.711566142
453,0.220703,-2.662463,0.226,-1.711566142
454,0.221191,-4.7741,0.2265,-1.711566142
455,0.22168,-4.256505,0.227,-1.711566142
456,0.222168,-3.750162,0.2275,-1.711566142
457,0.222656,-6.173106,0.228,-1.711566142
458,0.223145,-9.942547,0.2285,-1.711566142
459,0.223633,-9.826275,0.229,-1.711566142
460,0.224121,-6.278125,0.2295,-1.711566142
461,0.224609,-4.395281,0.23,-1.711566142
462,0.225098,-2.111112,0.2305,-1.711566142
463,0.225586,-1.904824,0.231,-1.711566142
464,0.226074,-6.308131,0.2315,-1.711566142
465,0.226562,-3.873935,0.232,-1.711566142
466,0.227051,1.875868,0.2325,-1.711566142
467,0.227539,-0.307032,0.233,-1.711566142
468,0.228027,-3.585132,0.2335,-1.711566142
469,0.228516,-3.180058,0.234,-1.711566142
470,0.229004,-0.828377,0.2345,-1.711566142
471,0.229492,-0.438306,0.235,-1.711566142
472,0.22998,-3.885187,0.2355,-1.711566142
473,0.230469,-4.736593,0.236,-1.711566142
474,0.230957,1.647076,0.2365,-1.711566142
475,0.231445,3.927494,0.237,-1.711566142
476,0.231934,0.645643,0.2375,-1.711566142
477,0.232422,0.116796,0.238,-1.711566142
478,0.23291,-0.892139,0.2385,-1.711566142
479,0.233398,-2.328652,0.239,-1.711566142
480,0.233887,-3.015028,0.2395,-1.711566142
481,0.234375,-3.840179,0.24,-1.711566142
482,0.234863,-4.23025,0.2405,-1.711566142
483,0.235352,-2.985022,0.241,-1.711566142
484,0.23584,-3.423853,0.2415,-1.711566142
485,0.236328,-2.673715,0.242,-1.711566142
486,0.236816,-3.73891,0.2425,-1.711566142
487,0.237305,-4.88287,0.243,-1.711566142
488,0.237793,-0.003226,0.2435,-1.711566142
489,0.238281,-2.09986,0.244,-1.711566142
490,0.23877,-5.981821,0.2445,-1.711566142
491,0.239258,-7.770899,0.245,-1.711566142
492,0.239746,-6.990756,0.2455,-1.711566142
493,0.240234,-4.06522,0.246,-1.711566142
494,0.240723,-4.372776,0.2465,-1.711566142
495,0.241211,-4.200245,0.247,-1.711566142
496,0.241699,-6.728208,0.2475,-1.711566142
497,0.242187,-3.753913,0.248,-1.711566142
498,0.242676,-1.852315,0.2485,-1.711566142
499,0.243164,-6.266873,0.249,-1.711566142
500,0.243652,-5.062903,0.2495,-1.711566142
501,0.244141,-7.114529,0.25,-1.711566142
502,0.244629,-8.517286,0.2505,-1.711566142
503,0.245117,-7.219548,0.251,-1.711566142
504,0.245605,-6.930745,0.2515,-1.711566142
505,0.246094,-0.35204,0.252,-1.711566142
506,0.246582,1.028213,0.2525,-1.711566142
507,0.24707,-1.447241,0.253,-1.711566142
508,0.247559,-2.197378,0.2535,-1.711566142
509,0.248047,-6.296879,0.254,-1.711566142
510,0.248535,-6.79197,0.2545,-1.711566142
511,0.249023,-7.407082,0.255,-1.711566142
,0.249512,-4.072721,0.2555,-1.711566142
,0.25,4.111278,0.256,-1.711566142
,0.250488,0.709404,0.2565,-1.711566142
,0.250977,-3.386346,0.257,-1.711566142
,0.251465,-0.014478,0.2575,-1.711566142
,0.251953,-0.292029,0.258,-1.711566142
,0.252441,0.503117,0.2585,-1.711566142
,0.25293,3.63119,0.259,-1.711566142
,0.253418,2.479729,0.2595,-1.711566142
,0.253906,2.573496,0.26,-1.711566142
,0.254395,2.502233,0.2605,-1.711566142
,0.254883,-0.419552,0.261,-1.711566142
,0.255371,0.495615,0.2615,-1.711566142
,0.255859,-0.288278,0.262,-1.711566142
,0.256348,-2.09986,0.2625,-1.711566142
,0.256836,-0.51707,0.263,-1.711566142
,0.257324,-0.198262,0.2635,-1.711566142
,0.257812,-1.732293,0.264,-1.711566142
,0.258301,-2.666214,0.2645,-1.711566142
,0.258789,-0.111996,0.265,-1.711566142
,0.259277,1.425786,0.2655,-1.711566142
,0.259766,3.503666,0.266,-1.711566142
,0.260254,1.242002,0.2665,-1.711566142
,0.260742,-4.672831,0.267,-1.711566142
,0.26123,-2.617455,0.2675,-1.711566142
,0.261719,-0.749613,0.268,-1.711566142
,0.262207,-1.012161,0.2685,-1.711566142
,0.262695,-2.876252,0.269,-1.711566142
,0.263184,-4.346522,0.2695,-1.711566142
,0.263672,-1.563512,0.27,-1.711566142
,0.26416,-1.908575,0.2705,-1.711566142
,0.264648,-3.588883,0.271,-1.711566142
,0.265137,-5.516736,0.2715,-1.711566142
,0.265625,-8.232233,0.272,-1.711566142
,0.266113,-3.067537,0.2725,-1.711566142
,0.266602,3.52617,0.273,-1.711566142
,0.26709,4.01376,0.2735,-1.711566142
,0.267578,5.060201,0.274,-1.711566142
,0.268066,4.306313,0.2745,-1.711566142
,0.268555,-0.149503,0.275,-1.711566142
,0.269043,0.169306,0.2755,-1.711566142
,0.269531,-1.105928,0.276,-1.711566142
,0.27002,-6.161854,0.2765,-1.711566142
,0.270508,-0.79087,0.277,-1.711566142
,0.270996,4.820157,0.2775,-1.711566142
,0.271484,4.253804,0.278,-1.711566142
,0.271973,3.447406,0.2785,-1.711566142
,0.272461,1.151986,0.279,-1.711566142
,0.272949,2.64851,0.2795,-1.711566142
,0.273437,6.140399,0.28,-1.711566142
,0.273926,4.760146,0.2805,-1.711566142
,0.274414,3.559927,0.281,-1.711566142
,0.274902,4.272557,0.2815,-1.711566142
,0.275391,-0.490815,0.282,-1.711566142
,0.275879,-2.834995,0.2825,-1.711566142
,0.276367,-4.020212,0.283,-1.711566142
,0.276855,-5.014144,0.2835,-1.711566142
,0.277344,2.070904,0.284,-1.711566142
,0.277832,4.50885,0.2845,-1.711566142
,0.27832,4.317565,0.285,-1.711566142
,0.278809,5.16147,0.2855,-1.711566142
,0.279297,1.091975,0.286,-1.711566142
,0.279785,0.938196,0.2865,-1.711566142
,0.280273,0.116796,0.287,-1.711566142
,0.280762,-4.856615,0.2875,-1.711566142
,0.28125,-2.118614,0.288,-1.711566142
,0.281738,-0.745862,0.2885,-1.711566142
,0.282227,-4.185242,0.289,-1.711566142
,0.282715,0.626889,0.2895,-1.711566142
,0.283203,2.798537,0.29,-1.711566142
,0.283691,0.953199,0.2905,-1.711566142
,0.28418,2.877302,0.291,-1.711566142
,0.284668,0.780667,0.2915,-1.711566142
,0.285156,1.579564,0.292,-1.711566142
,0.285645,1.208246,0.2925,-1.711566142
,0.286133,-0.79087,0.293,-1.711566142
,0.286621,4.047516,0.2935,-1.711566142
,0.287109,2.599751,0.294,-1.711566142
,0.287598,-1.668531,0.2945,-1.711566142
,0.288086,1.489547,0.295,-1.711566142
,0.288574,6.234166,0.2955,-1.711566142
,0.289062,7.190592,0.296,-1.711566142
,0.289551,5.896605,0.2965,-1.711566142
,0.290039,3.589932,0.297,-1.711566142
,0.290527,2.427219,0.2975,-1.711566142
,0.291016,1.875868,0.298,-1.711566142
,0.291504,0.454358,0.2985,-1.711566142
,0.291992,0.323084,0.299,-1.711566142
,0.29248,0.480613,0.2995,-1.711566142
,0.292969,3.289877,0.3,-1.711566142
,0.293457,6.327934,0.3005,-1.711566142
,0.293945,6.114144,0.301,-1.711566142
,0.294434,6.136649,0.3015,-1.711566142
,0.294922,7.393129,0.302,-1.711566142
,0.29541,9.03593,0.3025,-1.711566142
,0.295898,6.136649,0.303,-1.711566142
,0.296387,1.208246,0.3035,-1.711566142
,0.296875,1.358273,0.304,-1.711566142
,0.297363,3.106093,0.3045,-1.711566142
,0.297852,4.313815,0.305,-1.711566142
,0.29834,3.859982,0.3055,-1.711566142
,0.298828,4.94393,0.306,-1.711566142
,0.299316,8.480828,0.3065,-1.711566142
,0.299805,7.805704,0.307,-1.711566142
,0.300293,4.595116,0.3075,-1.711566142
,0.300781,2.54349,0.308,-1.711566142
,0.30127,-1.698537,0.3085,-1.711566142
,0.301758,-4.699086,0.309,-1.711566142
,0.302246,-2.767482,0.3095,-1.711566142
,0.302734,-3.885187,0.31,-1.711566142
,0.303223,-0.697103,0.3105,-1.711566142
,0.303711,2.355956,0.311,-1.711566142
,0.304199,-0.322034,0.3115,-1.711566142
,0.304687,2.059652,0.312,-1.711566142
,0.305176,-0.873385,0.3125,-1.711566142
,0.305664,-2.411167,0.313,-1.711566142
,0.306152,0.941947,0.3135,-1.711566142
,0.306641,-3.412601,0.314,-1.711566142
,0.307129,-3.360091,0.3145,-1.711566142
,0.307617,2.888554,0.315,-1.711566142
,0.308105,1.572062,0.3155,-1.711566142
,0.308594,-1.852315,0.316,-1.711566142
,0.309082,-1.304714,0.3165,-1.711566142
,0.30957,-2.381162,0.317,-1.711566142
,0.310059,-0.820876,0.3175,-1.711566142
,0.310547,-0.385796,0.318,-1.711566142
,0.311035,-3.405099,0.3185,-1.711566142
,0.311523,0.364341,0.319,-1.711566142
,0.312012,1.39578,0.3195,-1.711566142
,0.3125,-2.669965,0.32,-1.711566142
,0.312988,-0.850881,0.3205,-1.711566142
,0.313477,1.425786,0.321,-1.711566142
,0.313965,1.980887,0.3215,-1.711566142
,0.314453,4.767648,0.322,-1.711566142
,0.314941,3.52617,0.3225,-1.711566142
,0.31543,-0.018229,0.323,-1.711566142
,0.315918,1.380777,0.3235,-1.711566142
,0.316406,0.953199,0.324,-1.711566142
,0.316895,1.639575,0.3245,-1.711566142
,0.317383,4.025012,0.325,-1.711566142
,0.317871,2.809789,0.3255,-1.711566142
,0.318359,1.890871,0.326,-1.711566142
,0.318848,0.259322,0.3265,-1.711566142
,0.319336,-1.270958,0.327,-1.711566142
,0.319824,-4.470294,0.3275,-1.711566142
,0.320312,-0.914643,0.328,-1.711566142
,0.320801,5.427769,0.3285,-1.711566142
,0.321289,1.898372,0.329,-1.711566142
,0.321777,4.696385,0.3295,-1.711566142
,0.322266,8.222031,0.33,-1.711566142
,0.322754,3.976253,0.3305,-1.711566142
,0.323242,0.30058,0.331,-1.711566142
,0.32373,-6.698202,0.3315,-1.711566142
,0.324219,-6.150602,0.332,-1.711566142
,0.324707,3.379894,0.3325,-1.711566142
,0.325195,8.026995,0.333,-1.711566142
,0.325684,9.621037,0.3335,-1.711566142
,0.326172,7.696934,0.334,-1.711566142
,0.32666,0.938196,0.3345,-1.711566142
,0.327148,1.163238,0.335,-1.711566142
,0.327637,2.986071,0.3355,-1.711566142
,0.328125,0.870684,0.336,-1.711566142
,0.328613,7.520652,0.3365,-1.711566142
,0.329102,10.011108,0.337,-1.711566142
,0.32959,7.94823,0.3375,-1.711566142
,0.330078,5.090207,0.338,-1.711566142
,0.330566,1.050717,0.3385,-1.711566142
,0.331055,6.969301,0.339,-1.711566142
,0.331543,8.267039,0.3395,-1.711566142
,0.332031,8.248285,0.34,-1.711566142
,0.33252,13.161685,0.3405,-1.711566142
,0.333008,13.409231,0.341,-1.711566142
,0.333496,11.98397,0.3415,-1.711566142
,0.333984,9.305979,0.342,-1.711566142
,0.334473,4.50885,0.3425,-1.711566142
,0.334961,1.215747,0.343,-1.711566142
,0.335449,5.120212,0.3435,-1.711566142
,0.335937,10.363673,0.344,-1.711566142
,0.336426,11.237583,0.3445,-1.711566142
,0.336914,12.09649,0.345,-1.711566142
,0.337402,9.91359,0.3455,-1.711566142
,0.337891,7.888219,0.346,-1.711566142
,0.338379,7.051816,0.3465,-1.711566142
,0.338867,3.233617,0.347,-1.711566142
,0.339355,5.225232,0.3475,-1.711566142
,0.339844,9.332234,0.348,-1.711566142
,0.340332,9.437253,0.3485,-1.711566142
,0.34082,7.310614,0.349,-1.711566142
,0.341309,4.302563,0.3495,-1.711566142
,0.341797,4.137532,0.35,-1.716730047
,0.342285,1.66583,0.3505,-1.716730047
,0.342773,-2.051101,0.351,-1.716730047
,0.343262,-0.487065,0.3515,-1.716730047
,0.34375,3.63494,0.352,-1.716730047
,0.344238,3.589932,0.3525,-1.716730047
,0.344727,0.206812,0.353,-1.716730047
,0.345215,0.060536,0.3535,-1.716730047
,0.345703,0.664396,0.354,-1.716730047
,0.346191,-1.642276,0.3545,-1.716730047
,0.34668,-1.841063,0.355,-1.716730047
,0.347168,0.293078,0.3555,-1.716730047
,0.347656,-1.042166,0.356,-1.716730047
,0.348145,-4.39153,0.3565,-1.716730047
,0.348633,-5.10416,0.357,-1.716730047
,0.349121,-2.433671,0.3575,-1.716730047
,0.349609,-1.601019,0.358,-1.716730047
,0.350098,-4.331519,0.3585,-1.716730047
,0.350586,-3.423853,0.359,-1.716730047
,0.351074,-1.908575,0.3595,-1.716730047
,0.351562,-1.559761,0.36,-1.716730047
,0.352051,-0.607087,0.3605,-1.716730047
,0.352539,-2.895006,0.361,-1.716730047
,0.353027,-0.412051,0.3615,-1.716730047
,0.353516,-0.565829,0.362,-1.716730047
,0.354004,-1.00841,0.3625,-1.716730047
,0.354492,5.6003,0.363,-1.716730047
,0.35498,5.570295,0.3635,-1.716730047
,0.355469,6.988054,0.364,-1.716730047
,0.355957,9.305979,0.3645,-1.716730047
,0.356445,5.120212,0.365,-1.716730047
,0.356934,0.990706,0.3655,-1.716730047
,0.357422,0.46561,0.366,-1.716730047
,0.35791,-1.93483,0.3665,-1.716730047
,0.358398,0.544374,0.367,-1.716730047
,0.358887,8.960916,0.3675,-1.716730047
,0.359375,10.247401,0.368,-1.716730047
,0.359863,9.823574,0.3685,-1.716730047
,0.360352,7.873217,0.369,-1.716730047
,0.36084,6.785517,0.3695,-1.716730047
,0.361328,5.412766,0.37,-1.716730047
,0.361816,5.086456,0.3705,-1.716730047
,0.362305,4.445089,0.371,-1.716730047
,0.362793,0.375593,0.3715,-1.716730047
,0.363281,6.586731,0.372,-1.716730047
,0.36377,9.354738,0.3725,-1.716730047
,0.364258,6.567978,0.373,-1.716730047
,0.364746,8.225781,0.3735,-1.716730047
,0.365234,5.018944,0.374,-1.716730047
,0.365723,4.07002,0.3745,-1.716730047
,0.366211,5.165221,0.375,-1.716730047
,0.366699,1.219498,0.3755,-1.716730047
,0.367187,-0.539574,0.376,-1.716730047
,0.367676,1.834611,0.3765,-1.716730047
,0.368164,2.427219,0.377,-1.716730047
,0.368652,-0.753363,0.3775,-1.716730047
,0.369141,-3.322584,0.378,-1.716730047
,0.369629,-1.874819,0.3785,-1.716730047
,0.370117,4.808905,0.379,-1.716730047
,0.370605,3.136099,0.3795,-1.716730047
,0.371094,-1.616021,0.38,-1.716730047
,0.371582,3.661195,0.3805,-1.716730047
,0.37207,3.286126,0.381,-1.716730047
,0.372559,1.497049,0.3815,-1.716730047
,0.373047,-1.7698,0.382,-1.716730047
,0.373535,-3.780168,0.3825,-1.716730047
,0.374023,2.603501,0.383,-1.716730047
,0.374512,5.296495,0.3835,-1.716730047
,0.375,7.224348,0.384,-1.716730047
,0.375488,7.584414,0.3845,-1.716730047
,0.375977,4.628872,0.385,-1.716730047
,0.376465,2.280942,0.3855,-1.716730047
,0.376953,1.800854,0.386,-1.716730047
,0.377441,0.46561,0.3865,-1.716730047
,0.37793,0.593133,0.387,-1.716730047
,0.378418,3.218614,0.3875,-1.716730047
,0.378906,3.90499,0.388,-1.716730047
,0.379395,4.985188,0.3885,-1.716730047
,0.379883,3.762464,0.389,-1.716730047
,0.380371,2.689767,0.3895,-1.716730047
,0.380859,1.688334,0.39,-1.716730047
,0.381348,0.446856,0.3905,-1.716730047
,0.381836,2.494731,0.391,-1.716730047
,0.382324,6.140399,0.3915,-1.716730047
,0.382812,8.229532,0.392,-1.716730047
,0.383301,2.809789,0.3925,-1.716730047
,0.383789,-0.835879,0.393,-1.716730047
,0.384277,2.832293,0.3935,-1.716730047
,0.384766,2.232183,0.394,-1.716730047
,0.385254,0.9607,0.3945,-1.716730047
,0.385742,2.746027,0.395,-1.716730047
,0.38623,1.707087,0.3955,-1.716730047
,0.386719,2.442222,0.396,-1.716730047
,0.387207,3.672447,0.3965,-1.716730047
,0.387695,1.264506,0.397,-1.716730047
,0.388184,-0.809624,0.3975,-1.716730047
,0.388672,-2.024846,0.398,-1.716730047
,0.38916,-1.676032,0.3985,-1.716730047
,0.389648,-0.659596,0.399,-1.716730047
,0.390137,-1.582265,0.3995,-1.716730047
,0.390625,-1.919827,0.4,-1.716730047
,0.391113,-0.592084,0.4005,-1.716730047
,0.391602,-2.636208,0.401,-1.716730047
,0.39209,-5.021645,0.4015,-1.716730047
,0.392578,-0.532073,0.402,-1.716730047
,0.393066,4.186291,0.4025,-1.716730047
,0.393555,3.274874,0.403,-1.716730047
,0.394043,0.371843,0.4035,-1.716730047
,0.394531,-3.543875,0.404,-1.716730047
,0.39502,-6.548175,0.4045,-1.716730047
,0.395508,-4.155237,0.405,-1.716730047
,0.395996,-1.82606,0.4055,-1.716730047
,0.396484,-2.174874,0.406,-1.716730047
,0.396973,-2.654962,0.4065,-1.716730047
,0.397461,0.199311,0.407,-1.716730047
,0.397949,3.623688,0.4075,-1.716730047
,0.398437,0.116796,0.408,-1.716730047
,0.398926,1.538306,0.4085,-1.716730047
,0.399414,5.041448,0.409,-1.716730047
,0.399902,4.553859,0.4095,-1.716730047
,0.400391,5.146467,0.41,-1.716730047
,0.400879,1.155736,0.4105,-1.716730047
,0.401367,-2.437422,0.411,-1.716730047
,0.401855,-1.931079,0.4115,-1.716730047
,0.402344,-2.962518,0.412,-1.716730047
,0.402832,-2.234885,0.4125,-1.716730047
,0.40332,3.409899,0.413,-1.716730047
,0.403809,5.450273,0.4135,-1.716730047
,0.404297,6.564227,0.414,-1.716730047
,0.404785,5.990372,0.4145,-1.716730047
,0.405273,-1.859816,0.415,-1.716730047
,0.405762,-2.287394,0.4155,-1.716730047
,0.40625,2.881052,0.416,-1.716730047
,0.406738,3.672447,0.4165,-1.716730047
,0.407227,3.481162,0.417,-1.716730047
,0.407715,3.537422,0.4175,-1.716730047
,0.408203,2.194676,0.418,-1.716730047
,0.408691,-4.301513,0.4185,-1.716730047
,0.40918,-4.151486,0.419,-1.716730047
,0.409668,2.314698,0.4195,-1.716730047
,0.410156,1.28701,0.42,-1.716730047
,0.410645,2.427219,0.4205,-1.716730047
,0.411133,2.558493,0.421,-1.716730047
,0.411621,-0.29953,0.4215,-1.716730047
,0.412109,1.17449,0.422,-1.716730047
,0.412598,-1.503501,0.4225,-1.716730047
,0.413086,-3.746412,0.423,-1.716730047
,0.413574,0.694402,0.4235,-1.716730047
,0.414062,0.371843,0.424,-1.716730047
,0.414551,-2.628707,0.4245,-1.716730047
,0.415039,-0.712106,0.425,-1.716730047
,0.415527,0.503117,0.4255,-1.716730047
,0.416016,-0.348289,0.426,-1.716730047
,0.416504,-1.642276,0.4265,-1.716730047
,0.416992,-1.503501,0.427,-1.716730047
,0.41748,-2.302397,0.4275,-1.716730047
,0.417969,-0.348289,0.428,-1.716730047
,0.418457,4.088773,0.4285,-1.716730047
,0.418945,2.389712,0.429,-1.716730047
,0.419434,0.495615,0.4295,-1.716730047
,0.419922,0.559377,0.43,-1.716730047
,0.42041,-0.314533,0.4305,-1.716730047
,0.420898,-1.068421,0.431,-1.716730047
,0.421387,0.694402,0.4315,-1.716730047
,0.421875,4.043765,0.432,-1.716730047
,0.422363,6.492964,0.4325,-1.716730047
,0.422852,4.610119,0.433,-1.716730047
,0.42334,0.094292,0.4335,-1.716730047
,0.423828,-0.40455,0.434,-1.716730047
,0.424316,1.073221,0.4345,-1.716730047
,0.424805,3.841228,0.435,-1.716730047
,0.425293,5.592799,0.4355,-1.716730047
,0.425781,2.644759,0.436,-1.716730047
,0.42627,-1.957334,0.4365,-1.716730047
,0.426758,1.482046,0.437,-1.716730047
,0.427246,3.4174,0.4375,-1.716730047
,0.427734,-0.51707,0.438,-1.716730047
,0.428223,1.639575,0.4385,-1.716730047
,0.428711,0.488114,0.439,-1.716730047
,0.429199,2.247186,0.4395,-1.716730047
,0.429687,1.410783,0.44,-1.716730047
,0.430176,-3.24382,0.4405,-1.716730047
,0.430664,0.206812,0.441,-1.716730047
,0.431152,-1.244703,0.4415,-1.716730047
,0.431641,0.285577,0.442,-1.716730047
,0.432129,1.482046,0.4425,-1.716730047
,0.432617,-2.403666,0.443,-1.716730047
,0.433105,-1.420986,0.4435,-1.716730047
,0.433594,2.055901,0.444,-1.716730047
,0.434082,8.43582,0.4445,-1.716730047
,0.43457,11.188824,0.445,-1.716730047
,0.435059,5.65281,0.4455,-1.716730047
,0.435547,4.257554,0.446,-1.716730047
,0.436035,9.170954,0.4465,-1.716730047
,0.436523,8.60085,0.447,-1.716730047
,0.437012,7.355622,0.4475,-1.716730047
,0.4375,7.355622,0.448,-1.716730047
,0.437988,5.198977,0.4485,-1.716730047
,0.438477,4.988938,0.449,-1.716730047
,0.438965,6.481712,0.4495,-1.716730047
,0.439453,6.485462,0.45,-1.716730047
,0.439941,6.324183,0.4505,-1.716730047
,0.44043,7.918225,0.451,-1.716730047
,0.440918,7.280608,0.4515,-1.716730047
,0.441406,3.4174,0.452,-1.716730047
,0.441895,2.15717,0.4525,-1.716730047
,0.442383,9.546023,0.453,-1.716730047
,0.442871,10.67498,0.4535,-1.716730047
,0.443359,4.898922,0.454,-1.716730047
,0.443848,4.595116,0.4545,-1.716730047
,0.444336,1.392029,0.455,-1.716730047
,0.444824,4.148784,0.4555,-1.716730047
,0.445312,7.261855,0.456,-1.716730047
,0.445801,0.949448,0.4565,-1.716730047
,0.446289,3.402398,0.457,-1.716730047
,0.446777,8.057,0.4575,-1.716730047
,0.447266,7.036813,0.458,-1.716730047
,0.447754,4.441338,0.4585,-1.716730047
,0.448242,0.611887,0.459,-1.716730047
,0.44873,4.032513,0.4595,-1.716730047
,0.449219,7.355622,0.46,-1.716730047
,0.449707,3.601184,0.4605,-1.716730047
,0.450195,3.661195,0.461,-1.716730047
,0.450684,3.96125,0.4615,-1.716730047
,0.451172,4.527604,0.462,-1.716730047
,0.45166,6.519219,0.4625,-1.716730047
,0.452148,2.562244,0.463,-1.716730047
,0.452637,2.228433,0.4635,-1.716730047
,0.453125,3.19611,0.464,-1.716730047
,0.453613,1.343271,0.4645,-1.716730047
,0.454102,2.734775,0.465,-1.716730047
,0.45459,4.490097,0.4655,-1.716730047
,0.455078,4.647626,0.466,-1.716730047
,0.455566,3.331135,0.4665,-1.716730047
,0.456055,5.517785,0.467,-1.716730047
,0.456543,7.873217,0.4675,-1.716730047
,0.457031,4.636374,0.468,-1.716730047
,0.45752,2.565995,0.4685,-1.716730047
,0.458008,2.911058,0.469,-1.716730047
,0.458496,3.443655,0.4695,-1.716730047
,0.458984,4.72639,0.47,-1.716730047
,0.459473,5.607802,0.4705,-1.716730047
,0.459961,5.675314,0.471,-1.716730047
,0.460449,4.463842,0.4715,-1.716730047
,0.460937,5.112711,0.472,-1.716730047
,0.461426,6.387945,0.4725,-1.716730047
,0.461914,5.397763,0.473,-1.716730047
,0.462402,5.521536,0.4735,-1.716730047
,0.462891,2.254687,0.474,-1.716730047
,0.463379,-0.959651,0.4745,-1.716730047
,0.463867,4.61387,0.475,-1.716730047
,0.464355,7.156835,0.4755,-1.716730047
,0.464844,3.271124,0.476,-1.716730047
,0.465332,3.623688,0.4765,-1.716730047
,0.46582,3.398647,0.477,-1.716730047
,0.466309,0.506867,0.4775,-1.716730047
,0.466797,3.106093,0.478,-1.716730047
,0.467285,6.147901,0.4785,-1.716730047
,0.467773,4.733892,0.479,-1.716730047
,0.468262,4.137532,0.4795,-1.716730047
,0.46875,2.093408,0.48,-1.716730047
,0.469238,-0.989657,0.4805,-1.716730047
,0.469727,-1.574764,0.481,-1.716730047
,0.470215,-0.235769,0.4815,-1.716730047
,0.470703,5.712821,0.482,-1.716730047
,0.471191,9.155952,0.4825,-1.716730047
,0.47168,5.195226,0.483,-1.716730047
,0.472168,4.01376,0.4835,-1.716730047
,0.472656,7.258104,0.484,-1.716730047
,0.473145,4.917675,0.4845,-1.716730047
,0.473633,0.210563,0.485,-1.716730047
,0.474121,-1.44349,0.4855,-1.716730047
,0.474609,-0.914643,0.486,-1.716730047
,0.475098,3.421151,0.4865,-1.716730047
,0.475586,5.063952,0.487,-1.716730047
,0.476074,2.592249,0.4875,-1.716730047
,0.476562,-0.126999,0.488,-1.716730047
,0.477051,2.584748,0.4885,-1.716730047
,0.477539,6.466709,0.489,-1.716730047
,0.478027,5.266489,0.4895,-1.716730047
,0.478516,2.524737,0.49,-1.716730047
,0.479004,1.099476,0.4905,-1.716730047
,0.479492,8.323299,0.491,-1.716730047
,0.47998,9.917341,0.4915,-1.716730047
,0.480469,3.076088,0.492,-1.716730047
,0.480957,1.538306,0.4925,-1.716730047
,0.481445,-0.929646,0.493,-1.716730047
,0.481934,1.06572,0.4935,-1.716730047
,0.482422,6.969301,0.494,-1.716730047
,0.48291,5.424018,0.4945,-1.716730047
,0.483398,5.637807,0.495,-1.716730047
,0.483887,6.774265,0.4955,-1.716730047
,0.484375,5.172722,0.496,-1.716730047
,0.484863,9.335985,0.4965,-1.716730047
,0.485352,9.624787,0.497,-1.716730047
,0.48584,5.671563,0.4975,-1.716730047
,0.486328,5.6003,0.498,-1.716730047
,0.486816,7.483145,0.4985,-1.716730047
,0.487305,9.384743,0.499,-1.716730047
,0.487793,6.219164,0.4995,-1.716730047
,0.488281,3.792469,0.5,-1.716730047
,0.48877,5.885353,0.5005,-1.716730047
,0.489258,11.488879,0.501,-1.716730047
,0.489746,17.973817,0.5015,-1.716730047
,0.490234,16.672328,0.502,-1.716730047
,0.490723,12.527819,0.5025,-1.716730047
,0.491211,11.05755,0.503,-1.716730047
,0.491699,10.2399,0.5035,-1.716730047
,0.492187,8.387061,0.504,-1.716730047
,0.492676,6.755512,0.5045,-1.716730047
,0.493164,7.801954,0.505,-1.716730047
,0.493652,7.483145,0.5055,-1.716730047
,0.494141,4.88767,0.506,-1.716730047
,0.494629,4.977686,0.5065,-1.716730047
,0.495117,5.266489,0.507,-1.716730047
,0.495605,2.671014,0.5075,-1.716730047
,0.496094,2.836044,0.508,-1.716730047
,0.496582,4.718889,0.5085,-1.716730047
,0.49707,5.70907,0.509,-1.716730047
,0.497559,4.913925,0.5095,-1.716730047
,0.498047,0.896939,0.51,-1.716730047
,0.498535,-0.160755,0.5105,-1.716730047
,0.499023,-0.595835,0.511,-1.716730047
,0.499512,-1.82606,0.5115,-1.716730047
,0.5,0.634391,0.512,-1.716730047
,0.500488,3.721206,0.5125,-1.716730047
,0.500977,4.56136,0.513,-1.716730047
,0.501465,0.270574,0.5135,-1.716730047
,0.501953,-0.944649,0.514,-1.716730047
,0.502441,1.812106,0.5145,-1.716730047
,0.50293,1.624572,0.515,-1.716730047
,0.503418,4.580113,0.5155,-1.716730047
,0.503906,5.191475,0.516,-1.716730047
,0.504395,1.407032,0.5165,-1.716730047
,0.504883,1.853364,0.517,-1.716730047
,0.505371,1.699586,0.5175,-1.716730047
,0.505859,-0.475813,0.518,-1.716730047
,0.506348,2.933562,0.5185,-1.716730047
,0.506836,4.340069,0.519,-1.716730047
,0.507324,2.899806,0.5195,-1.716730047
,0.507812,6.740509,0.52,-1.716730047
,0.508301,8.16202,0.5205,-1.716730047
,0.508789,3.649943,0.521,-1.716730047
,0.509277,0.30058,0.5215,-1.716730047
,0.509766,3.589932,0.522,-1.716730047
,0.510254,3.934995,0.5225,-1.716730047
,0.510742,2.089657,0.523,-1.716730047
,0.51123,4.782651,0.5235,-1.716730047
,0.511719,4.085023,0.524,-1.716730047
,0.512207,7.156835,0.5245,-1.716730047
,0.512695,8.034496,0.525,-1.716730047
,0.513184,3.912491,0.5255,-1.716730047
,0.513672,6.039131,0.526,-1.716730047
,0.51416,3.424902,0.5265,-1.716730047
,0.514648,1.407032,0.527,-1.716730047
,0.515137,4.332568,0.5275,-1.716730047
,0.515625,3.184858,0.528,-1.716730047
,0.516113,4.565111,0.5285,-1.716730047
,0.516602,5.727824,0.529,-1.716730047
,0.51709,3.233617,0.5295,-1.716730047
,0.517578,2.333452,0.53,-1.716730047
,0.518066,4.808905,0.5305,-1.716730047
,0.518555,4.816407,0.531,-1.716730047
,0.519043,-0.877136,0.5315,-1.716730047
,0.519531,2.26594,0.532,-1.716730047
,0.52002,6.85303,0.5325,-1.716730047
,0.520508,4.793903,0.533,-1.716730047
,0.520996,3.57868,0.5335,-1.716730047
,0.521484,2.344704,0.534,-1.716730047
,0.521973,5.472777,0.5345,-1.716730047
,0.522461,4.205045,0.535,-1.716730047
,0.522949,2.325951,0.5355,-1.716730047
,0.523437,9.084689,0.536,-1.716730047
,0.523926,11.965216,0.5365,-1.716730047
,0.524414,9.399746,0.537,-1.716730047
,0.524902,6.159153,0.5375,-1.716730047
,0.525391,3.931245,0.538,-1.716730047
,0.525879,4.981437,0.5385,-1.716730047
,0.526367,2.153419,0.539,-1.716730047
,0.526855,-0.640843,0.5395,-1.716730047
,0.527344,5.690317,0.54,-1.716730047
,0.527832,5.76158,0.5405,-1.716730047
,0.52832,5.3265,0.541,-1.716730047
,0.528809,9.699801,0.5415,-1.716730047
,0.529297,6.976802,0.542,-1.716730047
,0.529785,6.740509,0.5425,-1.716730047
,0.530273,7.003057,0.543,-1.716730047
,0.530762,3.109844,0.5435,-1.716730047
,0.53125,0.011777,0.544,-1.716730047
,0.531738,-0.532073,0.5445,-1.716730047
,0.532227,1.054468,0.545,-1.716730047
,0.532715,1.969635,0.5455,-1.716730047
,0.533203,4.475094,0.546,-1.716730047
,0.533691,3.968751,0.5465,-1.716730047
,0.53418,1.875868,0.547,-1.716730047
,0.534668,4.512601,0.5475,-1.716730047
,0.535156,3.488664,0.548,-1.716730047
,0.535645,1.748345,0.5485,-1.716730047
,0.536133,1.414534,0.549,-1.716730047
,0.536621,1.45204,0.5495,-1.716730047
,0.537109,5.619054,0.55,-1.716730047
,0.537598,2.16092,0.5505,-1.716730047
,0.538086,-1.255956,0.551,-1.716730047
,0.538574,-1.075923,0.5515,-1.716730047
,0.539062,-4.759097,0.552,-1.716730047
,0.539551,0.566878,0.5525,-1.716730047
,0.540039,5.881602,0.553,-1.716730047
,0.540527,2.839795,0.5535,-1.716730047
,0.541016,2.033397,0.554,-1.716730047
,0.541504,2.989822,0.5545,-1.716730047
,0.541992,2.070904,0.555,-1.716730047
,0.54248,-0.130749,0.5555,-1.716730047
,0.542969,-1.777301,0.556,-1.716730047
,0.543457,0.95695,0.5565,-1.716730047
,0.543945,4.685133,0.557,-1.716730047
,0.544434,4.730141,0.5575,-1.716730047
,0.544922,3.008576,0.558,-1.716730047
,0.54541,2.007142,0.5585,-1.716730047
,0.545898,3.072337,0.559,-1.716730047
,0.546387,5.76158,0.5595,-1.716730047
,0.546875,7.584414,0.56,-1.716730047
,0.547363,5.187725,0.5605,-1.716730047
,0.547852,3.027329,0.561,-1.716730047
,0.54834,-0.074489,0.5615,-1.716730047
,0.548828,1.245753,0.562,-1.716730047
,0.549316,3.886236,0.5625,-1.716730047
,0.549805,0.360591,0.563,-1.716730047
,0.550293,6.406698,0.5635,-1.716730047
,0.550781,9.594782,0.564,-1.716730047
,0.55127,5.712821,0.5645,-1.716730047
,0.551758,6.991805,0.565,-1.716730047
,0.552246,5.461525,0.5655,-1.716730047
,0.552734,4.936429,0.566,-1.716730047
,0.553223,4.12628,0.5665,-1.716730047
,0.553711,0.278075,0.567,-1.716730047
,0.554199,1.808356,0.5675,-1.716730047
,0.554687,6.012876,0.568,-1.716730047
,0.555176,7.535655,0.5685,-1.716730047
,0.555664,5.176473,0.569,-1.716730047
,0.556152,2.123413,0.5695,-1.716730047
,0.556641,4.171289,0.57,-1.716730047
,0.557129,7.858214,0.5705,-1.716730047
,0.557617,6.08789,0.571,-1.716730047
,0.558105,1.602068,0.5715,-1.716730047
,0.558594,2.153419,0.572,-1.716730047
,0.559082,6.339186,0.5725,-1.716730047
,0.55957,8.210778,0.573,-1.716730047
,0.560059,4.433837,0.5735,-1.716730047
,0.560547,-0.224517,0.574,-1.716730047
,0.561035,2.415967,0.5745,-1.716730047
,0.561523,3.919993,0.575,-1.716730047
,0.562012,-0.599585,0.5755,-1.716730047
,0.5625,-2.632458,0.576,-1.716730047
,0.562988,1.56081,0.5765,-1.716730047
,0.563477,5.476528,0.577,-1.716730047
,0.563965,0.375593,0.5775,-1.716730047
,0.564453,-1.124681,0.578,-1.716730047
,0.564941,3.683699,0.5785,-1.716730047
,0.56543,3.154852,0.579,-1.716730047
,0.565918,0.806922,0.5795,-1.716730047
,0.566406,-4.511552,0.58,-1.716730047
,0.566895,-6.315632,0.5805,-1.716730047
,0.567383,-0.56958,0.581,-1.716730047
,0.567871,-0.4083,0.5815,-1.716730047
,0.568359,-3.547625,0.582,-1.716730047
,0.568848,-0.070738,0.5825,-1.716730047
,0.569336,4.2313,0.583,-1.716730047
,0.569824,4.816407,0.5835,-1.716730047
,0.570312,2.614753,0.584,-1.716730047
,0.570801,-0.760865,0.5845,-1.716730047
,0.571289,1.005709,0.585,-1.716730047
,0.571777,1.902123,0.5855,-1.716730047
,0.572266,1.920876,0.586,-1.716730047
,0.572754,2.314698,0.5865,-1.716730047
,0.573242,-0.205763,0.587,-1.716730047
,0.57373,3.297378,0.5875,-1.716730047
,0.574219,4.992689,0.588,-1.716730047
,0.574707,0.761914,0.5885,-1.716730047
,0.575195,1.264506,0.589,-1.716730047
,0.575684,3.406148,0.5895,-1.716730047
,0.576172,1.313265,0.59,-1.716730047
,0.57666,-0.670848,0.5905,-1.716730047
,0.577148,0.19556,0.591,-1.716730047
,0.577637,1.298262,0.5915,-1.716730047
,0.578125,1.905874,0.592,-1.716730047
,0.578613,1.444539,0.5925,-1.716730047
,0.579102,0.255571,0.593,-1.716730047
,0.57959,-3.165055,0.5935,-1.716730047
,0.580078,-3.195061,0.594,-1.716730047
,0.580566,-1.612271,0.5945,-1.716730047
,0.581055,-4.042716,0.595,-1.716730047
,0.581543,1.66958,0.5955,-1.716730047
,0.582031,7.318115,0.596,-1.716730047
,0.58252,4.910174,0.5965,-1.716730047
,0.583008,5.364007,0.597,-1.716730047
,0.583496,4.951431,0.5975,-1.716730047
,0.583984,1.624572,0.598,-1.716730047
,0.584473,-0.547076,0.5985,-1.716730047
,0.584961,-1.068421,0.599,-1.716730047
,0.585449,0.360591,0.5995,-1.716730047
,0.585937,3.027329,0.6,-1.716730047
,0.586426,3.098592,0.6005,-1.716730047
,0.586914,-0.794621,0.601,-1.716730047
,0.587402,-1.16969,0.6015,-1.716730047
,0.587891,2.599751,0.602,-1.716730047
,0.588379,2.956066,0.6025,-1.716730047
,0.588867,0.866933,0.603,-1.716730047
,0.589355,1.058218,0.6035,-1.716730047
,0.589844,1.66958,0.604,-1.716730047
,0.590332,1.733342,0.6045,-1.716730047
,0.59082,3.492414,0.605,-1.716730047
,0.591309,3.301129,0.6055,-1.716730047
,0.591797,2.64851,0.606,-1.716730047
,0.592285,5.806588,0.6065,-1.716730047
,0.592773,7.051816,0.607,-1.716730047
,0.593262,3.518669,0.6075,-1.716730047
,0.59375,0.311832,0.608,-1.716730047
,0.594238,0.596884,0.6085,-1.716730047
,0.594727,3.916242,0.609,-1.716730047
,0.595215,7.025561,0.6095,-1.716730047
,0.595703,2.776033,0.61,-1.716730047
,0.596191,2.15717,0.6105,-1.716730047
,0.59668,7.520652,0.611,-1.716730047
,0.597168,5.180223,0.6115,-1.716730047
,0.597656,5.896605,0.612,-1.716730047
,0.598145,7.111827,0.6125,-1.716730047
,0.598633,3.244869,0.613,-1.716730047
,0.599121,3.181107,0.6135,-1.716730047
,0.599609,2.663512,0.614,-1.716730047
,0.600098,0.548125,0.6145,-1.716730047
,0.600586,1.06572,0.615,-1.716730047
,0.601074,0.968202,0.6155,-1.716730047
,0.601562,-0.558328,0.616,-1.716730047
,0.602051,2.956066,0.6165,-1.716730047
,0.602539,6.946797,0.617,-1.716730047
,0.603027,6.545473,0.6175,-1.716730047
,0.603516,4.212546,0.618,-1.716730047
,0.604004,1.06572,0.6185,-1.716730047
,0.604492,-0.509569,0.619,-1.716730047
,0.60498,0.225566,0.6195,-1.716730047
,0.605469,-0.985906,0.62,-1.716730047
,0.605957,-3.007526,0.6205,-1.716730047
,0.606445,-1.473495,0.621,-1.716730047
,0.606934,0.004275,0.6215,-1.716730047
,0.607422,1.590816,0.622,-1.716730047
,0.60791,1.238251,0.6225,-1.716730047
,0.608398,3.256121,0.623,-1.716730047
,0.608887,7.288109,0.6235,-1.716730047
,0.609375,3.406148,0.624,-1.716730047
,0.609863,0.668147,0.6245,-1.716730047
,0.610352,1.947131,0.625,-1.716730047
,0.61084,5.281492,0.6255,-1.716730047
,0.611328,6.155402,0.626,-1.716730047
,0.611816,-2.403666,0.6265,-1.716730047
,0.612305,-3.438855,0.627,-1.716730047
,0.612793,3.672447,0.6275,-1.716730047
,0.613281,5.273991,0.628,-1.716730047
,0.61377,7.34812,0.6285,-1.716730047
,0.614258,8.477077,0.629,-1.716730047
,0.614746,7.340619,0.6295,-1.716730047
,0.615234,6.785517,0.63,-1.716730047
,0.615723,5.360256,0.6305,-1.716730047
,0.616211,4.868916,0.631,-1.716730047
,0.616699,2.768532,0.6315,-1.716730047
,0.617187,0.334336,0.632,-1.716730047
,0.617676,4.898922,0.6325,-1.716730047
,0.618164,10.768747,0.633,-1.716730047
,0.618652,9.838577,0.6335,-1.716730047
,0.619141,8.38331,0.634,-1.716730047
,0.619629,8.867149,0.6345,-1.716730047
,0.620117,7.18309,0.635,-1.716730047
,0.620605,3.124847,0.6355,-1.716730047
,0.621094,-0.29953,0.636,-1.716730047
,0.621582,-1.124681,0.6365,-1.716730047
,0.62207,0.281826,0.637,-1.716730047
,0.622559,2.896055,0.6375,-1.716730047
,0.623047,1.624572,0.638,-1.716730047
,0.623535,-0.367043,0.6385,-1.716730047
,0.624023,1.808356,0.639,-1.716730047
,0.624512,1.403282,0.6395,-1.716730047
,0.625,1.725841,0.64,-1.716730047
,0.625488,4.523853,0.6405,-1.716730047
,0.625977,2.325951,0.641,-1.716730047
,0.626465,-0.78712,0.6415,-1.716730047
,0.626953,0.821925,0.642,-1.716730047
,0.627441,4.062519,0.6425,-1.716730047
,0.62793,3.136099,0.643,-1.716730047
,0.628418,0.664396,0.6435,-1.716730047
,0.628906,0.270574,0.644,-1.716730047
,0.629395,1.752095,0.6445,-1.716730047
,0.629883,3.188609,0.645,-1.716730047
,0.630371,4.433837,0.6455,-1.716730047
,0.630859,5.922859,0.646,-1.716730047
,0.631348,3.777466,0.6465,-1.716730047
,0.631836,3.053584,0.647,-1.716730047
,0.632324,2.843545,0.6475,-1.716730047
,0.632812,2.348455,0.648,-1.716730047
,0.633301,3.008576,0.6485,-1.716730047
,0.633789,2.839795,0.649,-1.716730047
,0.634277,1.905874,0.6495,-1.716730047
,0.634766,0.281826,0.65,-1.716730047
,0.635254,3.488664,0.6505,-1.716730047
,0.635742,2.70477,0.651,-1.716730047
,0.63623,3.736209,0.6515,-1.716730047
,0.636719,9.53102,0.652,-1.716730047
,0.637207,7.83571,0.6525,-1.716730047
,0.637695,8.233283,0.653,-1.716730047
,0.638184,9.452256,0.6535,-1.716730047
,0.638672,6.793019,0.654,-1.716730047
,0.63916,5.457774,0.6545,-1.716730047
,0.639648,4.321316,0.655,-1.716730047
,0.640137,-0.442056,0.6555,-1.716730047
,0.640625,-0.033232,0.656,-1.716730047
,0.641113,6.9618,0.6565,-1.716730047
,0.641602,9.388494,0.657,-1.716730047
,0.64209,7.445638,0.6575,-1.716730047
,0.642578,3.443655,0.658,-1.716730047
,0.643066,2.400964,0.6585,-1.716730047
,0.643555,2.611003,0.659,-1.716730047
,0.644043,1.733342,0.6595,-1.716730047
,0.644531,2.821041,0.66,-1.716730047
,0.64502,1.605819,0.6605,-1.716730047
,0.645508,-2.197378,0.661,-1.716730047
,0.645996,-3.551376,0.6615,-1.716730047
,0.646484,-0.828377,0.662,-1.716730047
,0.646973,0.266823,0.6625,-1.716730047
,0.647461,-0.637092,0.663,-1.716730047
,0.647949,1.335769,0.6635,-1.716730047
,0.648437,2.592249,0.664,-1.716730047
,0.648926,-0.779618,0.6645,-1.716730047
,0.649414,-0.554577,0.665,-1.716730047
,0.649902,0.671898,0.6655,-1.716730047
,0.650391,-6.068087,0.666,-1.716730047
,0.650879,-4.909125,0.6665,-1.716730047
,0.651367,-0.314533,0.667,-1.716730047
,0.651855,0.326834,0.6675,-1.716730047
,0.652344,3.428653,0.668,-1.716730047
,0.652832,1.268257,0.6685,-1.716730047
,0.65332,0.611887,0.669,-1.716730047
,0.653809,1.654578,0.6695,-1.716730047
,0.654297,0.446856,0.67,-1.716730047
,0.654785,0.446856,0.6705,-1.716730047
,0.655273,1.800854,0.671,-1.716730047
,0.655762,5.180223,0.6715,-1.716730047
,0.65625,6.039131,0.672,-1.716730047
,0.656738,5.097708,0.6725,-1.716730047
,0.657227,3.953749,0.673,-1.716730047
,0.657715,2.854797,0.6735,-1.716730047
,0.658203,4.418834,0.674,-1.716730047
,0.658691,2.727274,0.6745,-1.716730047
,0.65918,-0.839629,0.675,-1.716730047
,0.659668,-1.214698,0.6755,-1.716730047
,0.660156,0.713155,0.676,-1.716730047
,0.660645,9.283475,0.6765,-1.716730047
,0.661133,11.965216,0.677,-1.716730047
,0.661621,7.498148,0.6775,-1.716730047
,0.662109,3.113595,0.678,-1.716730047
,0.662598,-1.083424,0.6785,-1.716730047
,0.663086,2.963567,0.679,-1.716730047
,0.663574,2.971069,0.6795,-1.716730047
,0.664062,4.167538,0.68,-1.716730047
,0.664551,9.253469,0.6805,-1.716730047
,0.665039,6.219164,0.681,-1.716730047
,0.665527,6.80052,0.6815,-1.716730047
,0.666016,5.529037,0.682,-1.716730047
,0.666504,2.783534,0.6825,-1.716730047
,0.666992,3.173606,0.683,-1.716730047
,0.66748,1.12198,0.6835,-1.716730047
,0.667969,2.599751,0.684,-1.716730047
,0.668457,2.472227,0.6845,-1.716730047
,0.668945,2.277192,0.685,-1.716730047
,0.669434,2.524737,0.6855,-1.716730047
,0.669922,-2.579948,0.686,-1.716730047
,0.67041,-1.754797,0.6865,-1.716730047
,0.670898,3.274874,0.687,-1.716730047
,0.671387,1.93963,0.6875,-1.716730047
,0.671875,-2.594951,0.688,-1.716730047
,0.672363,-3.270074,0.6885,-1.716730047
,0.672852,0.799421,0.689,-1.716730047
,0.67334,1.377027,0.6895,-1.716730047
,0.673828,1.470794,0.69,-1.716730047
,0.674316,2.644759,0.6905,-1.716730047
,0.674805,-0.704605,0.691,-1.716730047
,0.675293,1.392029,0.6915,-1.716730047
,0.675781,6.36544,0.692,-1.716730047
,0.67627,5.994122,0.6925,-1.716730047
,0.676758,2.644759,0.693,-1.716730047
,0.677246,3.563677,0.6935,-1.716730047
,0.677734,8.417066,0.694,-1.716730047
,0.678223,8.034496,0.6945,-1.716730047
,0.678711,6.894287,0.695,-1.716730047
,0.679199,6.511717,0.6955,-1.716730047
,0.679687,5.300245,0.696,-1.716730047
,0.680176,3.608685,0.6965,-1.716730047
,0.680664,4.50885,0.697,-1.716730047
,0.681152,7.531904,0.6975,-1.716730047
,0.681641,5.581547,0.698,-1.716730047
,0.682129,1.009459,0.6985,-1.716730047
,0.682617,0.394347,0.699,-1.716730047
,0.683105,3.477411,0.6995,-1.716730047
,0.683594,2.993573,0.7,-1.61722378
,0.684082,1.467043,0.7005,-1.61722378
,0.68457,2.3222,0.701,-1.61722378
,0.685059,2.97857,0.7015,-1.61722378
,0.685547,0.645643,0.702,-1.61722378
,0.686035,0.218064,0.7025,-1.61722378
,0.686523,3.113595,0.703,-1.61722378
,0.687012,2.423468,0.7035,-1.61722378
,0.6875,1.748345,0.704,-1.61722378
,0.687988,-2.617455,0.7045,-1.61722378
,0.688477,-0.385796,0.705,-1.61722378
,0.688965,6.63549,0.7055,-1.61722378
,0.689453,2.475978,0.706,-1.61722378
,0.689941,4.171289,0.7065,-1.61722378
,0.69043,7.396879,0.707,-1.61722378
,0.690918,1.208246,0.7075,-1.61722378
,0.691406,-1.93483,0.708,-1.61722378
,0.691895,0.296829,0.7085,-1.61722378
,0.692383,-0.389547,0.709,-1.61722378
,0.692871,-0.123248,0.7095,-1.61722378
,0.693359,4.351322,0.71,-1.61722378
,0.693848,4.771398,0.7105,-1.61722378
,0.694336,4.970185,0.711,-1.61722378
,0.694824,3.942497,0.7115,-1.61722378
,0.695312,-1.252205,0.712,-1.61722378
,0.695801,-2.489932,0.7125,-1.61722378
,0.696289,1.061969,0.713,-1.61722378
,0.696777,3.237367,0.7135,-1.61722378
,0.697266,3.41365,0.714,-1.61722378
,0.697754,3.019828,0.7145,-1.61722378
,0.698242,-0.577081,0.715,-1.61722378
,0.69873,-1.319717,0.7155,-1.61722378
,0.699219,1.238251,0.716,-1.61722378
,0.699707,2.832293,0.7165,-1.61722378
,0.700195,2.802288,0.717,-1.61722378
,0.700684,1.44829,0.7175,-1.61722378
,0.701172,5.180223,0.718,-1.61722378
,0.70166,6.601734,0.7185,-1.61722378
,0.702148,4.437587,0.719,-1.61722378
,0.702637,3.349888,0.7195,-1.61722378
,0.703125,3.316132,0.72,-1.61722378
,0.703613,5.529037,0.7205,-1.61722378
,0.704102,6.500465,0.721,-1.61722378
,0.70459,6.601734,0.7215,-1.61722378
,0.705078,3.016077,0.722,-1.61722378
,0.705566,2.982321,0.7225,-1.61722378
,0.706055,3.173606,0.723,-1.61722378
,0.706543,-0.850881,0.7235,-1.61722378
,0.707031,1.264506,0.724,-1.61722378
,0.70752,2.993573,0.7245,-1.61722378
,0.708008,3.751212,0.725,-1.61722378
,0.708496,3.499916,0.7255,-1.61722378
,0.708984,2.43472,0.726,-1.61722378
,0.709473,4.760146,0.7265,-1.61722378
,0.709961,5.960366,0.727,-1.61722378
,0.710449,6.297928,0.7275,-1.61722378
,0.710937,4.392579,0.728,-1.61722378
,0.711426,1.864616,0.7285,-1.61722378
,0.711914,3.477411,0.729,-1.61722378
,0.712402,4.407582,0.7295,-1.61722378
,0.712891,1.407032,0.73,-1.61722378
,0.713379,-2.366159,0.7305,-1.61722378
,0.713867,-3.386346,0.731,-1.61722378
,0.714355,-3.390096,0.7315,-1.61722378
,0.714844,-2.028597,0.732,-1.61722378
,0.715332,1.159487,0.7325,-1.61722378
,0.71582,2.175923,0.733,-1.61722378
,0.716309,1.519553,0.7335,-1.61722378
,0.716797,-4.188993,0.734,-1.61722378
,0.717285,-3.787669,0.7345,-1.61722378
,0.717773,3.241118,0.735,-1.61722378
,0.718262,0.840678,0.7355,-1.61722378
,0.71875,2.164671,0.736,-1.61722378
,0.719238,4.411333,0.7365,-1.61722378
,0.719727,-0.445807,0.737,-1.61722378
,0.720215,-1.000909,0.7375,-1.61722378
,0.720703,-0.865884,0.738,-1.61722378
,0.721191,-0.400799,0.7385,-1.61722378
,0.72168,0.953199,0.739,-1.61722378
,0.722168,0.911942,0.7395,-1.61722378
,0.722656,4.992689,0.74,-1.61722378
,0.723145,5.937862,0.7405,-1.61722378
,0.723633,3.702453,0.741,-1.61722378
,0.724121,3.08734,0.7415,-1.61722378
,0.724609,0.731909,0.742,-1.61722378
,0.725098,4.606368,0.7425,-1.61722378
,0.725586,5.997873,0.743,-1.61722378
,0.726074,-0.78712,0.7435,-1.61722378
,0.726562,1.403282,0.744,-1.61722378
,0.727051,9.283475,0.7445,-1.61722378
,0.727539,8.308296,0.745,-1.61722378
,0.728027,4.298812,0.7455,-1.61722378
,0.728516,2.888554,0.746,-1.61722378
,0.729004,1.853364,0.7465,-1.61722378
,0.729492,2.217181,0.747,-1.61722378
,0.72998,-0.95215,0.7475,-1.61722378
,0.730469,-2.298647,0.748,-1.61722378
,0.730957,0.056785,0.7485,-1.61722378
,0.731445,1.425786,0.749,-1.61722378
,0.731934,0.158053,0.7495,-1.61722378
,0.732422,-4.71784,0.75,-1.61722378
,0.73291,-1.229701,0.7505,-1.61722378
,0.733398,2.483479,0.751,-1.61722378
,0.733887,-0.802122,0.7515,-1.61722378
,0.734375,-0.89589,0.752,-1.61722378
,0.734863,-3.123798,0.7525,-1.61722378
,0.735352,-5.036648,0.753,-1.61722378
,0.73584,-1.946082,0.7535,-1.61722378
,0.736328,-0.081991,0.754,-1.61722378
,0.736816,1.320766,0.7545,-1.61722378
,0.737305,0.900689,0.755,-1.61722378
,0.737793,-0.539574,0.7555,-1.61722378
,0.738281,1.999641,0.756,-1.61722378
,0.73877,3.061085,0.7565,-1.61722378
,0.739258,2.836044,0.757,-1.61722378
,0.739746,5.712821,0.7575,-1.61722378
,0.740234,7.194342,0.758,-1.61722378
,0.740723,6.541723,0.7585,-1.61722378
,0.741211,5.634056,0.759,-1.61722378
,0.741699,5.123963,0.7595,-1.61722378
,0.742187,4.205045,0.76,-1.61722378
,0.742676,2.145918,0.7605,-1.61722378
,0.743164,4.137532,0.761,-1.61722378
,0.743652,4.036264,0.7615,-1.61722378
,0.744141,0.285577,0.762,-1.61722378
,0.744629,4.40008,0.7625,-1.61722378
,0.745117,7.438137,0.763,-1.61722378
,0.745605,6.665495,0.7635,-1.61722378
,0.746094,9.002173,0.764,-1.61722378
,0.746582,6.380443,0.7645,-1.61722378
,0.74707,2.596,0.765,-1.61722378
,0.747559,5.960366,0.7655,-1.61722378
,0.748047,9.512267,0.766,-1.61722378
,0.748535,8.570844,0.7665,-1.61722378
,0.749023,4.895171,0.767,-1.61722378
,0.749512,4.39633,0.7675,-1.61722378
,0.75,4.073771,0.768,-1.61722378
,0.750488,-1.240953,0.7685,-1.61722378
,0.750977,0.079289,0.769,-1.61722378
,0.751465,2.138416,0.7695,-1.61722378
,0.751953,0.68315,0.77,-1.61722378
,0.752441,0.964451,0.7705,-1.61722378
,0.75293,-3.588883,0.771,-1.61722378
,0.753418,-0.314533,0.7715,-1.61722378
,0.753906,5.198977,0.772,-1.61722378
,0.754395,2.123413,0.7725,-1.61722378
,0.754883,2.54349,0.773,-1.61722378
,0.755371,0.934446,0.7735,-1.61722378
,0.755859,-0.453309,0.774,-1.61722378
,0.756348,-1.465994,0.7745,-1.61722378
,0.756836,-2.028597,0.775,-1.61722378
,0.757324,4.490097,0.7755,-1.61722378
,0.757812,3.946247,0.776,-1.61722378
,0.758301,2.239685,0.7765,-1.61722378
,0.758789,2.367208,0.777,-1.61722378
,0.759277,-1.229701,0.7775,-1.61722378
,0.759766,-0.577081,0.778,-1.61722378
,0.760254,-4.890371,0.7785,-1.61722378
,0.760742,-2.013594,0.779,-1.61722378
,0.76123,10.266155,0.7795,-1.61722378
,0.761719,9.208461,0.78,-1.61722378
,0.762207,6.789268,0.7805,-1.61722378
,0.762695,9.140949,0.781,-1.61722378
,0.763184,5.135215,0.7815,-1.61722378
,0.763672,-1.090925,0.782,-1.61722378
,0.76416,0.79192,0.7825,-1.61722378
,0.764648,3.042332,0.783,-1.61722378
,0.765137,3.721206,0.7835,-1.61722378
,0.765625,6.58298,0.784,-1.61722378
,0.766113,4.966434,0.7845,-1.61722378
,0.766602,3.08734,0.785,-1.61722378
,0.76709,0.383095,0.7855,-1.61722378
,0.767578,-1.623523,0.786,-1.61722378
,0.768066,-1.042166,0.7865,-1.61722378
,0.768555,-0.29578,0.787,-1.61722378
,0.769043,2.235934,0.7875,-1.61722378
,0.769531,2.794786,0.788,-1.61722378
,0.77002,2.059652,0.7885,-1.61722378
,0.770508,2.577247,0.789,-1.61722378
,0.770996,-1.143435,0.7895,-1.61722378
,0.771484,-4.61282,0.79,-1.61722378
,0.771973,-3.345088,0.7905,-1.61722378
,0.772461,-4.980388,0.791,-1.61722378
,0.772949,0.225566,0.7915,-1.61722378
,0.773437,5.915358,0.792,-1.61722378
,0.773926,1.815857,0.7925,-1.61722378
,0.774414,1.06572,0.793,-1.61722378
,0.774902,-1.848564,0.7935,-1.61722378
,0.775391,-2.985022,0.794,-1.61722378
,0.775879,-0.539574,0.7945,-1.61722378
,0.776367,-3.397598,0.795,-1.61722378
,0.776855,-1.079673,0.7955,-1.61722378
,0.777344,2.16092,0.796,-1.61722378
,0.777832,-0.558328,0.7965,-1.61722378
,0.77832,-2.137367,0.797,-1.61722378
,0.778809,-2.336153,0.7975,-1.61722378
,0.779297,-3.90019,0.798,-1.61722378
,0.779785,-2.283644,0.7985,-1.61722378
,0.780273,1.782101,0.799,-1.61722378
,0.780762,1.418284,0.7995,-1.61722378
,0.78125,2.656011,0.8,-1.61722378
,0.781738,0.979454,0.8005,-1.61722378
,0.782227,-3.000025,0.801,-1.61722378
,0.782715,-0.367043,0.8015,-1.61722378
,0.783203,-0.363292,0.802,-1.61722378
,0.783691,-0.693352,0.8025,-1.61722378
,0.78418,1.234501,0.803,-1.61722378
,0.784668,1.189492,0.8035,-1.61722378
,0.785156,-0.4083,0.804,-1.61722378
,0.785645,0.731909,0.8045,-1.61722378
,0.786133,1.965885,0.805,-1.61722378
,0.786621,2.637258,0.8055,-1.61722378
,0.787109,6.181657,0.806,-1.61722378
,0.787598,3.762464,0.8065,-1.61722378
,0.788086,0.878185,0.807,-1.61722378
,0.788574,-1.237202,0.8075,-1.61722378
,0.789062,-1.99109,0.808,-1.61722378
,0.789551,0.439355,0.8085,-1.61722378
,0.790039,-1.06092,0.809,-1.61722378
,0.790527,0.180558,0.8095,-1.61722378
,0.791016,3.364891,0.81,-1.61722378
,0.791504,3.323633,0.8105,-1.61722378
,0.791992,1.125731,0.811,-1.61722378
,0.79248,1.181991,0.8115,-1.61722378
,0.792969,1.44829,0.812,-1.61722378
,0.793457,-0.689602,0.8125,-1.61722378
,0.793945,-2.381162,0.813,-1.61722378
,0.794434,-5.929312,0.8135,-1.61722378
,0.794922,-4.954133,0.814,-1.61722378
,0.79541,-2.553693,0.8145,-1.61722378
,0.795898,-2.97002,0.815,-1.61722378
,0.796387,-1.349723,0.8155,-1.61722378
,0.796875,-3.367592,0.816,-1.61722378
,0.797363,-4.706588,0.8165,-1.61722378
,0.797852,-2.53869,0.817,-1.61722378
,0.79834,-1.353473,0.8175,-1.61722378
,0.798828,-1.034665,0.818,-1.61722378
,0.799316,-1.927329,0.8185,-1.61722378
,0.799805,2.224682,0.819,-1.61722378
,0.800293,8.364557,0.8195,-1.61722378
,0.800781,5.007692,0.82,-1.61722378
,0.80127,-2.092359,0.8205,-1.61722378
,0.801758,0.450607,0.821,-1.61722378
,0.802246,6.575479,0.8215,-1.61722378
,0.802734,6.065385,0.822,-1.61722378
,0.803223,3.188609,0.8225,-1.61722378
,0.803711,1.181991,0.823,-1.61722378
,0.804199,2.292194,0.8235,-1.61722378
,0.804687,1.639575,0.824,-1.61722378
,0.805176,-1.796054,0.8245,-1.61722378
,0.805664,1.699586,0.825,-1.61722378
,0.806152,3.492414,0.8255,-1.61722378
,0.806641,3.001074,0.826,-1.61722378
,0.807129,4.647626,0.8265,-1.61722378
,0.807617,2.074655,0.827,-1.61722378
,0.808105,1.56081,0.8275,-1.61722378
,0.808594,2.164671,0.828,-1.61722378
,0.809082,3.511168,0.8285,-1.61722378
,0.80957,2.393463,0.829,-1.61722378
,0.810059,2.179674,0.8295,-1.61722378
,0.810547,8.375809,0.83,-1.61722378
,0.811035,9.073436,0.8305,-1.61722378
,0.811523,8.735875,0.831,-1.61722378
,0.812012,6.339186,0.8315,-1.61722378
,0.8125,4.478845,0.832,-1.61722378
,0.812988,7.325616,0.8325,-1.61722378
,0.813477,6.627989,0.833,-1.61722378
,0.813965,4.913925,0.8335,-1.61722378
,0.814453,6.654243,0.834,-1.61722378
,0.814941,8.267039,0.8345,-1.61722378
,0.81543,5.525287,0.835,-1.61722378
,0.815918,4.531354,0.8355,-1.61722378
,0.816406,0.176807,0.836,-1.61722378
,0.816895,-1.529756,0.8365,-1.61722378
,0.817383,3.184858,0.837,-1.61722378
,0.817871,1.808356,0.8375,-1.61722378
,0.818359,3.117346,0.838,-1.61722378
,0.818848,2.701019,0.8385,-1.61722378
,0.819336,0.255571,0.839,-1.61722378
,0.819824,3.698702,0.8395,-1.61722378
,0.820312,2.119663,0.84,-1.61722378
,0.820801,0.540624,0.8405,-1.61722378
,0.821289,2.933562,0.841,-1.61722378
,0.821777,1.714589,0.8415,-1.61722378
,0.822266,1.050717,0.842,-1.61722378
,0.822754,2.333452,0.8425,-1.61722378
,0.823242,1.699586,0.843,-1.61722378
,0.82373,-0.209514,0.8435,-1.61722378
,0.824219,-1.889822,0.844,-1.61722378
,0.824707,-1.203446,0.8445,-1.61722378
,0.825195,1.373276,0.845,-1.61722378
,0.825684,2.97857,0.8455,-1.61722378
,0.826172,2.535989,0.846,-1.61722378
,0.82666,1.035714,0.8465,-1.61722378
,0.827148,-0.258273,0.847,-1.61722378
,0.827637,-1.180942,0.8475,-1.61722378
,0.828125,-1.06092,0.848,-1.61722378
,0.828613,-0.505818,0.8485,-1.61722378
,0.829102,-0.970903,0.849,-1.61722378
,0.82959,-2.737477,0.8495,-1.61722378
,0.830078,-2.737477,0.85,-1.61722378
,0.830566,1.920876,0.8505,-1.61722378
,0.831055,4.201294,0.851,-1.61722378
,0.831543,0.919443,0.8515,-1.61722378
,0.832031,1.44829,0.852,-1.61722378
,0.83252,3.211113,0.8525,-1.61722378
,0.833008,-0.055736,0.853,-1.61722378
,0.833496,1.493298,0.8535,-1.61722378
,0.833984,5.330251,0.854,-1.61722378
,0.834473,0.386845,0.8545,-1.61722378
,0.834961,-1.180942,0.855,-1.61722378
,0.835449,2.843545,0.8555,-1.61722378
,0.835937,1.024462,0.856,-1.61722378
,0.836426,-1.724791,0.8565,-1.61722378
,0.836914,-1.619772,0.857,-1.61722378
,0.837402,1.020711,0.8575,-1.61722378
,0.837891,-1.402232,0.858,-1.61722378
,0.838379,-3.888938,0.8585,-1.61722378
,0.838867,1.238251,0.859,-1.61722378
,0.839355,-0.89964,0.8595,-1.61722378
,0.839844,-4.534056,0.86,-1.61722378
,0.840332,-3.292579,0.8605,-1.61722378
,0.84082,-1.923578,0.861,-1.61722378
,0.841309,1.140733,0.8615,-1.61722378
,0.841797,2.858548,0.862,-1.61722378
,0.842285,0.908191,0.8625,-1.61722378
,0.842773,-2.04735,0.863,-1.61722378
,0.843262,-0.063237,0.8635,-1.61722378
,0.84375,1.28326,0.864,-1.61722378
,0.844238,1.114479,0.8645,-1.61722378
,0.844727,1.140733,0.865,-1.61722378
,0.845215,0.773166,0.8655,-1.61722378
,0.845703,0.866933,0.866,-1.61722378
,0.846191,-3.390096,0.8665,-1.61722378
,0.84668,-1.889822,0.867,-1.61722378
,0.847168,0.214314,0.8675,-1.61722378
,0.847656,-1.042166,0.868,-1.61722378
,0.848145,3.567428,0.8685,-1.61722378
,0.848633,4.760146,0.869,-1.61722378
,0.849121,3.162354,0.8695,-1.61722378
,0.849609,2.832293,0.87,-1.61722378
,0.850098,2.220931,0.8705,-1.61722378
,0.850586,1.538306,0.871,-1.61722378
,0.851074,1.508301,0.8715,-1.61722378
,0.851562,2.153419,0.872,-1.61722378
,0.852051,1.602068,0.8725,-1.61722378
,0.852539,2.404715,0.873,-1.61722378
,0.853027,3.863732,0.8735,-1.61722378
,0.853516,2.982321,0.874,-1.61722378
,0.854004,2.145918,0.8745,-1.61722378
,0.854492,1.658328,0.875,-1.61722378
,0.85498,1.519553,0.8755,-1.61722378
,0.855469,0.540624,0.876,-1.61722378
,0.855957,-0.944649,0.8765,-1.61722378
,0.856445,0.480613,0.877,-1.61722378
,0.856934,-1.259706,0.8775,-1.61722378
,0.857422,-1.135934,0.878,-1.61722378
,0.85791,4.373826,0.8785,-1.61722378
,0.858398,3.706203,0.879,-1.61722378
,0.858887,1.328268,0.8795,-1.61722378
,0.859375,1.046966,0.88,-1.61722378
,0.859863,1.545808,0.8805,-1.61722378
,0.860352,-0.880887,0.881,-1.61722378
,0.86084,-3.888938,0.8815,-1.61722378
,0.861328,1.238251,0.882,-1.61722378
,0.861816,-0.254522,0.8825,-1.61722378
,0.862305,1.249503,0.883,-1.61722378
,0.862793,7.899471,0.8835,-1.61722378
,0.863281,4.703886,0.884,-1.61722378
,0.86377,4.951431,0.8845,-1.61722378
,0.864258,3.241118,0.885,-1.61722378
,0.864746,1.110728,0.8855,-1.61722378
,0.865234,1.403282,0.886,-1.61722378
,0.865723,-1.563512,0.8865,-1.61722378
,0.866211,-3.011277,0.887,-1.61722378
,0.866699,-2.947515,0.8875,-1.61722378
,0.867187,0.345588,0.888,-1.61722378
,0.867676,4.463842,0.8885,-1.61722378
,0.868164,2.573496,0.889,-1.61722378
,0.868652,0.503117,0.8895,-1.61722378
,0.869141,2.637258,0.89,-1.61722378
,0.869629,1.061969,0.8905,-1.61722378
,0.870117,2.794786,0.891,-1.61722378
,0.870605,1.118229,0.8915,-1.61722378
,0.871094,-4.301513,0.892,-1.61722378
,0.871582,0.30433,0.8925,-1.61722378
,0.87207,2.382211,0.893,-1.61722378
,0.872559,1.362024,0.8935,-1.61722378
,0.873047,2.43472,0.894,-1.61722378
,0.873535,3.694951,0.8945,-1.61722378
,0.874023,5.667813,0.895,-1.61722378
,0.874512,6.830526,0.8955,-1.61722378
,0.875,4.403831,0.896,-1.61722378
,0.875488,1.478295,0.8965,-1.61722378
,0.875977,1.542057,0.897,-1.61722378
,0.876465,0.510618,0.8975,-1.61722378
,0.876953,1.662079,0.898,-1.61722378
,0.877441,3.702453,0.8985,-1.61722378
,0.87793,2.404715,0.899,-1.61722378
,0.878418,-0.880887,0.8995,-1.61722378
,0.878906,-5.280443,0.9,-1.61722378
,0.879395,-3.056285,0.9005,-1.61722378
,0.879883,1.684583,0.901,-1.61722378
,0.880371,2.43472,0.9015,-1.61722378
,0.880859,3.931245,0.902,-1.61722378
,0.881348,-0.453309,0.9025,-1.61722378
,0.881836,-4.972886,0.903,-1.61722378
,0.882324,-3.982705,0.9035,-1.61722378
,0.882812,-4.001458,0.904,-1.61722378
,0.883301,-0.111996,0.9045,-1.61722378
,0.883789,0.08679,0.905,-1.61722378
,0.884277,-1.777301,0.9055,-1.61722378
,0.884766,2.580997,0.906,-1.61722378
,0.885254,2.022145,0.9065,-1.61722378
,0.885742,-0.126999,0.907,-1.61722378
,0.88623,-0.955901,0.9075,-1.61722378
,0.886719,-4.579064,0.908,-1.61722378
,0.887207,-3.652645,0.9085,-1.61722378
,0.887695,-3.543875,0.909,-1.61722378
,0.888184,-3.915193,0.9095,-1.61722378
,0.888672,-0.595835,0.91,-1.61722378
,0.88916,-0.400799,0.9105,-1.61722378
,0.889648,2.772282,0.911,-1.61722378
,0.890137,4.5051,0.9115,-1.61722378
,0.890625,3.447406,0.912,-1.61722378
,0.891113,1.151986,0.9125,-1.61722378
,0.891602,-3.24757,0.913,-1.61722378
,0.89209,-3.873935,0.9135,-1.61722378
,0.892578,-5.948065,0.914,-1.61722378
,0.893066,-4.972886,0.9145,-1.61722378
,0.893555,-3.13505,0.915,-1.61722378
,0.894043,-2.0436,0.9155,-1.61722378
,0.894531,-0.528322,0.916,-1.61722378
,0.89502,0.375593,0.9165,-1.61722378
,0.895508,2.753529,0.917,-1.61722378
,0.895996,0.296829,0.9175,-1.61722378
,0.896484,-1.55226,0.918,-1.61722378
,0.896973,-4.06522,0.9185,-1.61722378
,0.897461,-5.276692,0.919,-1.61722378
,0.897949,-3.071288,0.9195,-1.61722378
,0.898437,-3.832678,0.92,-1.61722378
,0.898926,-3.40885,0.9205,-1.61722378
,0.899414,-1.871068,0.921,-1.61722378
,0.899902,-0.475813,0.9215,-1.61722378
,0.900391,-2.692469,0.922,-1.61722378
,0.900879,-3.787669,0.9225,-1.61722378
,0.901367,-3.840179,0.923,-1.61722378
,0.901855,-7.643376,0.9235,-1.61722378
,0.902344,-4.507801,0.924,-1.61722378
,0.902832,-1.593517,0.9245,-1.61722378
,0.90332,-2.823743,0.925,-1.61722378
,0.903809,-1.252205,0.9255,-1.61722378
,0.904297,-5.115412,0.926,-1.61722378
,0.904785,-5.81304,0.9265,-1.61722378
,0.905273,-2.231134,0.927,-1.61722378
,0.905762,-4.661579,0.9275,-1.61722378
,0.90625,-0.562078,0.928,-1.61722378
,0.906738,0.979454,0.9285,-1.61722378
,0.907227,-2.75248,0.929,-1.61722378
,0.907715,-0.179508,0.9295,-1.61722378
,0.908203,-3.750162,0.93,-1.61722378
,0.908691,-2.632458,0.9305,-1.61722378
,0.90918,2.742277,0.931,-1.61722378
,0.909668,-2.865,0.9315,-1.61722378
,0.910156,-2.80874,0.932,-1.61722378
,0.910645,0.720657,0.9325,-1.61722378
,0.911133,-0.648344,0.933,-1.61722378
,0.911621,0.870684,0.9335,-1.61722378
,0.912109,-0.46081,0.934,-1.61722378
,0.912598,-1.679783,0.9345,-1.61722378
,0.913086,2.183424,0.935,-1.61722378
,0.913574,1.219498,0.9355,-1.61722378
,0.914062,-0.288278,0.936,-1.61722378
,0.914551,2.337203,0.9365,-1.61722378
,0.915039,1.853364,0.937,-1.61722378
,0.915527,-0.247021,0.9375,-1.61722378
,0.916016,-0.738361,0.938,-1.61722378
,0.916504,-1.874819,0.9385,-1.61722378
,0.916992,-2.429921,0.939,-1.61722378
,0.91748,-0.378295,0.9395,-1.61722378
,0.917969,-2.062353,0.94,-1.61722378
,0.918457,-6.653194,0.9405,-1.61722378
,0.918945,-4.522804,0.941,-1.61722378
,0.919434,-1.244703,0.9415,-1.61722378
,0.919922,-2.744978,0.942,-1.61722378
,0.92041,-2.231134,0.9425,-1.61722378
,0.920898,1.009459,0.943,-1.61722378
,0.921387,1.463293,0.9435,-1.61722378
,0.921875,-0.382045,0.944,-1.61722378
,0.922363,-1.961085,0.9445,-1.61722378
,0.922852,0.289328,0.945,-1.61722378
,0.92334,1.748345,0.9455,-1.61722378
,0.923828,-1.762298,0.946,-1.61722378
,0.924316,0.169306,0.9465,-1.61722378
,0.924805,1.009459,0.947,-1.61722378
,0.925293,-1.240953,0.9475,-1.61722378
,0.925781,1.399531,0.948,-1.61722378
,0.92627,1.144484,0.9485,-1.61722378
,0.926758,0.4131,0.949,-1.61722378
,0.927246,-0.333287,0.9495,-1.61722378
,0.927734,-1.657279,0.95,-1.61722378
,0.928223,-2.564945,0.9505,-1.61722378
,0.928711,-4.627823,0.951,-1.61722378
,0.929199,-2.163622,0.9515,-1.61722378
,0.929687,-2.546192,0.952,-1.61722378
,0.930176,-3.02628,0.9525,-1.61722378
,0.930664,-0.547076,0.953,-1.61722378
,0.931152,-4.279009,0.9535,-1.61722378
,0.931641,-3.495116,0.954,-1.61722378
,0.932129,0.585632,0.9545,-1.61722378
,0.932617,-0.288278,0.955,-1.61722378
,0.933105,-0.760865,0.9555,-1.61722378
,0.933594,0.075538,0.956,-1.61722378
,0.934082,0.049284,0.9565,-1.61722378
,0.93457,-1.563512,0.957,-1.61722378
,0.935059,-1.195945,0.9575,-1.61722378
,0.935547,1.399531,0.958,-1.61722378
,0.936035,1.94338,0.9585,-1.61722378
,0.936523,-0.775868,0.959,-1.61722378
,0.937012,-0.73461,0.9595,-1.61722378
,0.9375,-1.721041,0.96,-1.61722378
,0.937988,-2.489932,0.9605,-1.61722378
,0.938477,0.128048,0.961,-1.61722378
,0.938965,-3.033781,0.9615,-1.61722378
,0.939453,0.979454,0.962,-1.61722378
,0.939941,5.334002,0.9625,-1.61722378
,0.94043,-1.019662,0.963,-1.61722378
,0.940918,-1.323468,0.9635,-1.61722378
,0.941406,3.162354,0.964,-1.61722378
,0.941895,1.091975,0.9645,-1.61722378
,0.942383,-1.893572,0.965,-1.61722378
,0.942871,3.03108,0.9655,-1.61722378
,0.943359,6.804271,0.966,-1.61722378
,0.943848,5.956616,0.9665,-1.61722378
,0.944336,4.295061,0.967,-1.61722378
,0.944824,5.165221,0.9675,-1.61722378
,0.945312,5.574045,0.968,-1.61722378
,0.945801,1.729591,0.9685,-1.61722378
,0.946289,-0.464561,0.969,-1.61722378
,0.946777,-1.17344,0.9695,-1.61722378
,0.947266,-0.014478,0.97,-1.61722378
,0.947754,4.531354,0.9705,-1.61722378
,0.948242,5.671563,0.971,-1.61722378
,0.94873,0.30058,0.9715,-1.61722378
,0.949219,-0.73461,0.972,-1.61722378
,0.949707,3.278625,0.9725,-1.61722378
,0.950195,4.988938,0.973,-1.61722378
,0.950684,4.850163,0.9735,-1.61722378
,0.951172,3.379894,0.974,-1.61722378
,0.95166,1.347021,0.9745,-1.61722378
,0.952148,0.364341,0.975,-1.61722378
,0.952637,0.709404,0.9755,-1.61722378
,0.953125,-0.588333,0.976,-1.61722378
,0.953613,0.255571,0.9765,-1.61722378
,0.954102,3.372392,0.977,-1.61722378
,0.95459,1.309514,0.9775,-1.61722378
,0.955078,0.878185,0.978,-1.61722378
,0.955566,5.514034,0.9785,-1.61722378
,0.956055,5.855347,0.979,-1.61722378
,0.956543,3.556176,0.9795,-1.61722378
,0.957031,3.859982,0.98,-1.61722378
,0.95752,4.576363,0.9805,-1.61722378
,0.958008,3.638691,0.981,-1.61722378
,0.958496,3.859982,0.9815,-1.61722378
,0.958984,6.331684,0.982,-1.61722378
,0.959473,5.98287,0.9825,-1.61722378
,0.959961,4.298812,0.983,-1.61722378
,0.960449,3.85248,0.9835,-1.61722378
,0.960937,2.884803,0.984,-1.61722378
,0.961426,3.03483,0.9845,-1.61722378
,0.961914,3.484913,0.985,-1.61722378
,0.962402,0.293078,0.9855,-1.61722378
,0.962891,0.075538,0.986,-1.61722378
,0.963379,6.661745,0.9865,-1.61722378
,0.963867,8.278291,0.987,-1.61722378
,0.964355,3.953749,0.9875,-1.61722378
,0.964844,3.181107,0.988,-1.61722378
,0.965332,2.802288,0.9885,-1.61722378
,0.96582,0.360591,0.989,-1.61722378
,0.966309,0.638141,0.9895,-1.61722378
,0.966797,0.814424,0.99,-1.61722378
,0.967285,0.113045,0.9905,-1.61722378
,0.967773,-0.817125,0.991,-1.61722378
,0.968262,-2.246137,0.9915,-1.61722378
,0.96875,-4.249004,0.992,-1.61722378
,0.969238,-5.929312,0.9925,-1.61722378
,0.969727,-2.501184,0.993,-1.61722378
,0.970215,3.529921,0.9935,-1.61722378
,0.970703,2.348455,0.994,-1.61722378
,0.971191,-2.354907,0.9945,-1.61722378
,0.97168,0.296829,0.995,-1.61722378
,0.972168,-0.51707,0.9955,-1.61722378
,0.972656,-1.28221,0.996,-1.61722378
,0.973145,-2.231134,0.9965,-1.61722378
,0.973633,-8.089707,0.997,-1.61722378
,0.974121,0.109295,0.9975,-1.61722378
,0.974609,4.527604,0.998,-1.61722378
,0.975098,2.637258,0.9985,-1.61722378
,0.975586,6.991805,0.999,-1.61722378
,0.976074,4.265056,0.9995,-1.61722378
